route,airline_nm,direct,depart_dt,col_pre_depart_dt,search_dt,col_days_bf_depart,ticket_price,price_on_depart_date,col_saving_rate,col_day_of_week
LON-to-BKK,Thai Airways,direct, 24/5,2023-05-24,2023-03-25,-60,455.0,530.0,14.150943396226417,Wednesday
LON-to-BKK,Thai Airways,direct, 24/5,2023-05-24,2023-03-26,-59,455.0,530.0,14.150943396226417,Wednesday
LON-to-BKK,Thai Airways,direct, 24/5,2023-05-24,2023-03-27,-58,453.0,530.0,14.528301886792454,Wednesday
LON-to-BKK,Thai Airways,direct, 24/5,2023-05-24,2023-03-28,-57,455.0,530.0,14.150943396226417,Wednesday
LON-to-BKK,Thai Airways,direct, 24/5,2023-05-24,2023-03-29,-56,456.0,530.0,13.962264150943398,Wednesday
LON-to-BKK,Thai Airways,direct, 24/5,2023-05-24,2023-03-30,-55,446.0,530.0,15.849056603773587,Wednesday
LON-to-BKK,EVA Air,direct, 24/5,2023-05-24,2023-03-31,-54,579.0,595.0,2.689075630252101,Wednesday
LON-to-BKK,Thai Airways,direct, 24/5,2023-05-24,2023-03-31,-54,476.0,530.0,10.18867924528302,Wednesday
LON-to-BKK,EVA Air,direct, 24/5,2023-05-24,2023-04-01,-53,560.0,595.0,5.882352941176471,Wednesday
LON-to-BKK,Thai Airways,direct, 24/5,2023-05-24,2023-04-01,-53,454.0,530.0,14.339622641509434,Wednesday
LON-to-BKK,EVA Air,direct, 24/5,2023-05-24,2023-04-02,-52,560.0,595.0,5.882352941176471,Wednesday
LON-to-BKK,Thai Airways,direct, 24/5,2023-05-24,2023-04-02,-52,454.0,530.0,14.339622641509434,Wednesday
LON-to-BKK,Thai Airways,direct, 24/5,2023-05-24,2023-04-03,-51,465.0,530.0,12.264150943396228,Wednesday
LON-to-BKK,EVA Air,direct, 24/5,2023-05-24,2023-04-04,-50,569.0,595.0,4.369747899159664,Wednesday
LON-to-BKK,Thai Airways,direct, 24/5,2023-05-24,2023-04-04,-50,479.0,530.0,9.622641509433963,Wednesday
LON-to-BKK,EVA Air,direct, 24/5,2023-05-24,2023-04-05,-49,569.0,595.0,4.369747899159664,Wednesday
LON-to-BKK,Thai Airways,direct, 24/5,2023-05-24,2023-04-05,-49,464.0,530.0,12.452830188679247,Wednesday
LON-to-BKK,EVA Air,direct, 24/5,2023-05-24,2023-04-07,-47,557.0,595.0,6.38655462184874,Wednesday
LON-to-BKK,Thai Airways,direct, 24/5,2023-05-24,2023-04-07,-47,449.0,530.0,15.283018867924529,Wednesday
LON-to-BKK,EVA Air,direct, 24/5,2023-05-24,2023-04-08,-46,559.0,595.0,6.050420168067228,Wednesday
LON-to-BKK,Thai Airways,direct, 24/5,2023-05-24,2023-04-08,-46,452.0,530.0,14.716981132075473,Wednesday
LON-to-BKK,EVA Air,direct, 24/5,2023-05-24,2023-04-09,-45,560.0,595.0,5.882352941176471,Wednesday
LON-to-BKK,Thai Airways,direct, 24/5,2023-05-24,2023-04-09,-45,453.0,530.0,14.528301886792454,Wednesday
LON-to-BKK,EVA Air,direct, 24/5,2023-05-24,2023-04-10,-44,552.0,595.0,7.226890756302522,Wednesday
LON-to-BKK,Thai Airways,direct, 24/5,2023-05-24,2023-04-10,-44,445.0,530.0,16.037735849056606,Wednesday
LON-to-BKK,EVA Air,direct, 24/5,2023-05-24,2023-04-13,-41,565.0,595.0,5.04201680672269,Wednesday
LON-to-BKK,Thai Airways,direct, 24/5,2023-05-24,2023-04-13,-41,463.0,530.0,12.641509433962264,Wednesday
LON-to-BKK,EVA Air,direct, 24/5,2023-05-24,2023-04-14,-40,561.0,595.0,5.714285714285714,Wednesday
LON-to-BKK,Thai Airways,direct, 24/5,2023-05-24,2023-04-14,-40,454.0,530.0,14.339622641509434,Wednesday
LON-to-BKK,Thai Airways,direct, 24/5,2023-05-24,2023-04-15,-39,452.0,530.0,14.716981132075473,Wednesday
LON-to-BKK,Thai Airways,direct, 24/5,2023-05-24,2023-04-16,-38,452.0,530.0,14.716981132075473,Wednesday
LON-to-BKK,Thai Airways,direct, 24/5,2023-05-24,2023-04-17,-37,452.0,530.0,14.716981132075473,Wednesday
LON-to-BKK,Thai Airways,direct, 24/5,2023-05-24,2023-04-18,-36,463.0,530.0,12.641509433962264,Wednesday
LON-to-BKK,EVA Air,direct, 24/5,2023-05-24,2023-04-19,-35,560.0,595.0,5.882352941176471,Wednesday
LON-to-BKK,Thai Airways,direct, 24/5,2023-05-24,2023-04-19,-35,453.0,530.0,14.528301886792454,Wednesday
LON-to-BKK,EVA Air,direct, 24/5,2023-05-24,2023-04-20,-34,567.0,595.0,4.705882352941177,Wednesday
LON-to-BKK,Thai Airways,direct, 24/5,2023-05-24,2023-04-20,-34,463.0,530.0,12.641509433962264,Wednesday
LON-to-BKK,EVA Air,direct, 24/5,2023-05-24,2023-04-21,-33,556.0,595.0,6.5546218487394965,Wednesday
LON-to-BKK,Thai Airways,direct, 24/5,2023-05-24,2023-04-21,-33,462.0,530.0,12.830188679245284,Wednesday
LON-to-BKK,EVA Air,direct, 24/5,2023-05-24,2023-04-23,-31,559.0,595.0,6.050420168067228,Wednesday
LON-to-BKK,Thai Airways,direct, 24/5,2023-05-24,2023-04-23,-31,465.0,530.0,12.264150943396228,Wednesday
LON-to-BKK,EVA Air,direct, 24/5,2023-05-24,2023-04-24,-30,560.0,595.0,5.882352941176471,Wednesday
LON-to-BKK,Thai Airways,direct, 24/5,2023-05-24,2023-04-24,-30,466.0,530.0,12.075471698113208,Wednesday
LON-to-BKK,EVA Air,direct, 24/5,2023-05-24,2023-04-25,-29,560.0,595.0,5.882352941176471,Wednesday
LON-to-BKK,Thai Airways,direct, 24/5,2023-05-24,2023-04-25,-29,466.0,530.0,12.075471698113208,Wednesday
LON-to-BKK,EVA Air,direct, 24/5,2023-05-24,2023-04-26,-28,575.0,595.0,3.3613445378151265,Wednesday
LON-to-BKK,Thai Airways,direct, 24/5,2023-05-24,2023-04-26,-28,474.0,530.0,10.566037735849058,Wednesday
LON-to-BKK,EVA Air,direct, 24/5,2023-05-24,2023-04-27,-27,566.0,595.0,4.873949579831933,Wednesday
LON-to-BKK,Thai Airways,direct, 24/5,2023-05-24,2023-04-27,-27,474.0,530.0,10.566037735849058,Wednesday
LON-to-BKK,EVA Air,direct, 24/5,2023-05-24,2023-04-28,-26,560.0,595.0,5.882352941176471,Wednesday
LON-to-BKK,Thai Airways,direct, 24/5,2023-05-24,2023-04-28,-26,466.0,530.0,12.075471698113208,Wednesday
LON-to-BKK,EVA Air,direct, 24/5,2023-05-24,2023-04-29,-25,564.0,595.0,5.2100840336134455,Wednesday
LON-to-BKK,Thai Airways,direct, 24/5,2023-05-24,2023-04-29,-25,469.0,530.0,11.509433962264152,Wednesday
LON-to-BKK,EVA Air,direct, 24/5,2023-05-24,2023-04-30,-24,561.0,595.0,5.714285714285714,Wednesday
LON-to-BKK,Thai Airways,direct, 24/5,2023-05-24,2023-04-30,-24,466.0,530.0,12.075471698113208,Wednesday
LON-to-BKK,EVA Air,direct, 24/5,2023-05-24,2023-05-01,-23,568.0,595.0,4.537815126050421,Wednesday
LON-to-BKK,Thai Airways,direct, 24/5,2023-05-24,2023-05-01,-23,475.0,530.0,10.377358490566039,Wednesday
LON-to-BKK,EVA Air,direct, 24/5,2023-05-24,2023-05-03,-21,571.0,595.0,4.033613445378151,Wednesday
LON-to-BKK,Thai Airways,direct, 24/5,2023-05-24,2023-05-03,-21,473.0,530.0,10.754716981132077,Wednesday
LON-to-BKK,EVA Air,direct, 24/5,2023-05-24,2023-05-04,-20,564.0,595.0,5.2100840336134455,Wednesday
LON-to-BKK,Thai Airways,direct, 24/5,2023-05-24,2023-05-04,-20,469.0,530.0,11.509433962264152,Wednesday
LON-to-BKK,EVA Air,direct, 24/5,2023-05-24,2023-05-05,-19,565.0,595.0,5.04201680672269,Wednesday
LON-to-BKK,Thai Airways,direct, 24/5,2023-05-24,2023-05-05,-19,471.0,530.0,11.132075471698114,Wednesday
LON-to-BKK,EVA Air,direct, 24/5,2023-05-24,2023-05-06,-18,563.0,595.0,5.378151260504202,Wednesday
LON-to-BKK,Thai Airways,direct, 24/5,2023-05-24,2023-05-06,-18,467.0,530.0,11.88679245283019,Wednesday
LON-to-BKK,EVA Air,direct, 24/5,2023-05-24,2023-05-07,-17,564.0,595.0,5.2100840336134455,Wednesday
LON-to-BKK,Thai Airways,direct, 24/5,2023-05-24,2023-05-07,-17,468.0,530.0,11.69811320754717,Wednesday
LON-to-BKK,EVA Air,direct, 24/5,2023-05-24,2023-05-08,-16,567.0,595.0,4.705882352941177,Wednesday
LON-to-BKK,Thai Airways,direct, 24/5,2023-05-24,2023-05-08,-16,471.0,530.0,11.132075471698114,Wednesday
LON-to-BKK,EVA Air,direct, 24/5,2023-05-24,2023-05-09,-15,561.0,595.0,5.714285714285714,Wednesday
LON-to-BKK,Thai Airways,direct, 24/5,2023-05-24,2023-05-09,-15,465.0,530.0,12.264150943396228,Wednesday
LON-to-BKK,EVA Air,direct, 24/5,2023-05-24,2023-05-10,-14,567.0,595.0,4.705882352941177,Wednesday
LON-to-BKK,Thai Airways,direct, 24/5,2023-05-24,2023-05-10,-14,471.0,530.0,11.132075471698114,Wednesday
LON-to-BKK,EVA Air,direct, 24/5,2023-05-24,2023-05-11,-13,563.0,595.0,5.378151260504202,Wednesday
LON-to-BKK,Thai Airways,direct, 24/5,2023-05-24,2023-05-11,-13,467.0,530.0,11.88679245283019,Wednesday
LON-to-BKK,EVA Air,direct, 24/5,2023-05-24,2023-05-12,-12,564.0,595.0,5.2100840336134455,Wednesday
LON-to-BKK,Thai Airways,direct, 24/5,2023-05-24,2023-05-12,-12,468.0,530.0,11.69811320754717,Wednesday
LON-to-BKK,Thai Airways,direct, 24/5,2023-05-24,2023-05-13,-11,468.0,530.0,11.69811320754717,Wednesday
LON-to-BKK,EVA Air,direct, 24/5,2023-05-24,2023-05-14,-10,582.0,595.0,2.184873949579832,Wednesday
LON-to-BKK,Thai Airways,direct, 24/5,2023-05-24,2023-05-14,-10,472.0,530.0,10.943396226415095,Wednesday
LON-to-BKK,EVA Air,direct, 24/5,2023-05-24,2023-05-15,-9,582.0,595.0,2.184873949579832,Wednesday
LON-to-BKK,Thai Airways,direct, 24/5,2023-05-24,2023-05-15,-9,472.0,530.0,10.943396226415095,Wednesday
LON-to-BKK,EVA Air,direct, 24/5,2023-05-24,2023-05-16,-8,583.0,595.0,2.0168067226890756,Wednesday
LON-to-BKK,Thai Airways,direct, 24/5,2023-05-24,2023-05-16,-8,495.0,530.0,6.603773584905661,Wednesday
LON-to-BKK,EVA Air,direct, 24/5,2023-05-24,2023-05-17,-7,564.0,595.0,5.2100840336134455,Wednesday
LON-to-BKK,Thai Airways,direct, 24/5,2023-05-24,2023-05-17,-7,466.0,530.0,12.075471698113208,Wednesday
LON-to-BKK,Thai Airways,direct, 24/5,2023-05-24,2023-05-17,-7,495.0,530.0,6.603773584905661,Wednesday
LON-to-BKK,EVA Air,direct, 24/5,2023-05-24,2023-05-18,-6,588.0,595.0,1.1764705882352942,Wednesday
LON-to-BKK,Thai Airways,direct, 24/5,2023-05-24,2023-05-18,-6,469.0,530.0,11.509433962264152,Wednesday
LON-to-BKK,Thai Airways,direct, 24/5,2023-05-24,2023-05-18,-6,495.0,530.0,6.603773584905661,Wednesday
LON-to-BKK,EVA Air,direct, 24/5,2023-05-24,2023-05-19,-5,560.0,595.0,5.882352941176471,Wednesday
LON-to-BKK,Thai Airways,direct, 24/5,2023-05-24,2023-05-19,-5,462.0,530.0,12.830188679245284,Wednesday
LON-to-BKK,Thai Airways,direct, 24/5,2023-05-24,2023-05-19,-5,495.0,530.0,6.603773584905661,Wednesday
LON-to-BKK,EVA Air,direct, 24/5,2023-05-24,2023-05-20,-4,589.0,595.0,1.0084033613445378,Wednesday
LON-to-BKK,Thai Airways,direct, 24/5,2023-05-24,2023-05-20,-4,470.0,530.0,11.320754716981133,Wednesday
LON-to-BKK,Thai Airways,direct, 24/5,2023-05-24,2023-05-20,-4,495.0,530.0,6.603773584905661,Wednesday
LON-to-BKK,EVA Air,direct, 24/5,2023-05-24,2023-05-21,-3,563.0,595.0,5.378151260504202,Wednesday
LON-to-BKK,Thai Airways,direct, 24/5,2023-05-24,2023-05-21,-3,466.0,530.0,12.075471698113208,Wednesday
LON-to-BKK,Thai Airways,direct, 24/5,2023-05-24,2023-05-21,-3,495.0,530.0,6.603773584905661,Wednesday
LON-to-BKK,Thai Airways,direct, 24/5,2023-05-24,2023-05-22,-2,470.0,530.0,11.320754716981133,Wednesday
LON-to-BKK,Thai Airways,direct, 24/5,2023-05-24,2023-05-22,-2,495.0,530.0,6.603773584905661,Wednesday
LON-to-BKK,EVA Air,direct, 24/5,2023-05-24,2023-05-23,-1,589.0,595.0,1.0084033613445378,Wednesday
LON-to-BKK,Thai Airways,direct, 24/5,2023-05-24,2023-05-23,-1,495.0,530.0,6.603773584905661,Wednesday
LON-to-BKK,EVA Air,direct, 25/5,2023-05-25,2023-03-25,-61,561.0,588.0,4.591836734693877,Thursday
LON-to-BKK,Thai Airways,direct, 25/5,2023-05-25,2023-03-25,-61,455.0,526.0,13.498098859315588,Thursday
LON-to-BKK,EVA Air,direct, 25/5,2023-05-25,2023-03-26,-60,561.0,588.0,4.591836734693877,Thursday
LON-to-BKK,Thai Airways,direct, 25/5,2023-05-25,2023-03-26,-60,455.0,526.0,13.498098859315588,Thursday
LON-to-BKK,EVA Air,direct, 25/5,2023-05-25,2023-03-27,-59,559.0,588.0,4.931972789115646,Thursday
LON-to-BKK,Thai Airways,direct, 25/5,2023-05-25,2023-03-27,-59,453.0,526.0,13.878326996197718,Thursday
LON-to-BKK,EVA Air,direct, 25/5,2023-05-25,2023-03-28,-58,561.0,588.0,4.591836734693877,Thursday
LON-to-BKK,Thai Airways,direct, 25/5,2023-05-25,2023-03-28,-58,455.0,526.0,13.498098859315588,Thursday
LON-to-BKK,EVA Air,direct, 25/5,2023-05-25,2023-03-29,-57,561.0,588.0,4.591836734693877,Thursday
LON-to-BKK,Thai Airways,direct, 25/5,2023-05-25,2023-03-29,-57,456.0,526.0,13.307984790874524,Thursday
LON-to-BKK,EVA Air,direct, 25/5,2023-05-25,2023-03-30,-56,552.0,588.0,6.122448979591836,Thursday
LON-to-BKK,Thai Airways,direct, 25/5,2023-05-25,2023-03-30,-56,446.0,526.0,15.20912547528517,Thursday
LON-to-BKK,Thai Airways,direct, 25/5,2023-05-25,2023-03-30,-56,465.0,526.0,11.596958174904943,Thursday
LON-to-BKK,EVA Air,direct, 25/5,2023-05-25,2023-03-31,-55,563.0,588.0,4.2517006802721085,Thursday
LON-to-BKK,Thai Airways,direct, 25/5,2023-05-25,2023-03-31,-55,528.0,526.0,-0.38022813688212925,Thursday
LON-to-BKK,EVA Air,direct, 25/5,2023-05-25,2023-04-01,-54,560.0,588.0,4.761904761904762,Thursday
LON-to-BKK,Thai Airways,direct, 25/5,2023-05-25,2023-04-01,-54,454.0,526.0,13.688212927756654,Thursday
LON-to-BKK,EVA Air,direct, 25/5,2023-05-25,2023-04-02,-53,560.0,588.0,4.761904761904762,Thursday
LON-to-BKK,Thai Airways,direct, 25/5,2023-05-25,2023-04-02,-53,454.0,526.0,13.688212927756654,Thursday
LON-to-BKK,EVA Air,direct, 25/5,2023-05-25,2023-04-03,-52,560.0,588.0,4.761904761904762,Thursday
LON-to-BKK,Thai Airways,direct, 25/5,2023-05-25,2023-04-03,-52,454.0,526.0,13.688212927756654,Thursday
LON-to-BKK,EVA Air,direct, 25/5,2023-05-25,2023-04-04,-51,569.0,588.0,3.2312925170068025,Thursday
LON-to-BKK,Thai Airways,direct, 25/5,2023-05-25,2023-04-04,-51,464.0,526.0,11.787072243346007,Thursday
LON-to-BKK,Thai Airways,direct, 25/5,2023-05-25,2023-04-04,-51,477.0,526.0,9.315589353612166,Thursday
LON-to-BKK,EVA Air,direct, 25/5,2023-05-25,2023-04-05,-50,569.0,588.0,3.2312925170068025,Thursday
LON-to-BKK,Thai Airways,direct, 25/5,2023-05-25,2023-04-05,-50,464.0,526.0,11.787072243346007,Thursday
LON-to-BKK,EVA Air,direct, 25/5,2023-05-25,2023-04-07,-48,557.0,588.0,5.272108843537414,Thursday
LON-to-BKK,Thai Airways,direct, 25/5,2023-05-25,2023-04-07,-48,449.0,526.0,14.638783269961976,Thursday
LON-to-BKK,EVA Air,direct, 25/5,2023-05-25,2023-04-08,-47,559.0,588.0,4.931972789115646,Thursday
LON-to-BKK,Thai Airways,direct, 25/5,2023-05-25,2023-04-08,-47,452.0,526.0,14.068441064638783,Thursday
LON-to-BKK,EVA Air,direct, 25/5,2023-05-25,2023-04-09,-46,559.0,588.0,4.931972789115646,Thursday
LON-to-BKK,Thai Airways,direct, 25/5,2023-05-25,2023-04-09,-46,452.0,526.0,14.068441064638783,Thursday
LON-to-BKK,Thai Airways,direct, 25/5,2023-05-25,2023-04-13,-42,453.0,526.0,13.878326996197718,Thursday
LON-to-BKK,EVA Air,direct, 25/5,2023-05-25,2023-04-14,-41,561.0,588.0,4.591836734693877,Thursday
LON-to-BKK,Thai Airways,direct, 25/5,2023-05-25,2023-04-14,-41,454.0,526.0,13.688212927756654,Thursday
LON-to-BKK,EVA Air,direct, 25/5,2023-05-25,2023-04-15,-40,560.0,588.0,4.761904761904762,Thursday
LON-to-BKK,Thai Airways,direct, 25/5,2023-05-25,2023-04-15,-40,452.0,526.0,14.068441064638783,Thursday
LON-to-BKK,EVA Air,direct, 25/5,2023-05-25,2023-04-16,-39,560.0,588.0,4.761904761904762,Thursday
LON-to-BKK,Thai Airways,direct, 25/5,2023-05-25,2023-04-16,-39,452.0,526.0,14.068441064638783,Thursday
LON-to-BKK,EVA Air,direct, 25/5,2023-05-25,2023-04-17,-38,560.0,588.0,4.761904761904762,Thursday
LON-to-BKK,Thai Airways,direct, 25/5,2023-05-25,2023-04-17,-38,452.0,526.0,14.068441064638783,Thursday
LON-to-BKK,EVA Air,direct, 25/5,2023-05-25,2023-04-18,-37,563.0,588.0,4.2517006802721085,Thursday
LON-to-BKK,Thai Airways,direct, 25/5,2023-05-25,2023-04-18,-37,456.0,526.0,13.307984790874524,Thursday
LON-to-BKK,EVA Air,direct, 25/5,2023-05-25,2023-04-19,-36,560.0,588.0,4.761904761904762,Thursday
LON-to-BKK,Thai Airways,direct, 25/5,2023-05-25,2023-04-19,-36,453.0,526.0,13.878326996197718,Thursday
LON-to-BKK,EVA Air,direct, 25/5,2023-05-25,2023-04-20,-35,560.0,588.0,4.761904761904762,Thursday
LON-to-BKK,Thai Airways,direct, 25/5,2023-05-25,2023-04-20,-35,453.0,526.0,13.878326996197718,Thursday
LON-to-BKK,EVA Air,direct, 25/5,2023-05-25,2023-04-21,-34,556.0,588.0,5.442176870748299,Thursday
LON-to-BKK,Thai Airways,direct, 25/5,2023-05-25,2023-04-21,-34,462.0,526.0,12.167300380228136,Thursday
LON-to-BKK,EVA Air,direct, 25/5,2023-05-25,2023-04-23,-32,559.0,588.0,4.931972789115646,Thursday
LON-to-BKK,Thai Airways,direct, 25/5,2023-05-25,2023-04-23,-32,465.0,526.0,11.596958174904943,Thursday
LON-to-BKK,EVA Air,direct, 25/5,2023-05-25,2023-04-24,-31,560.0,588.0,4.761904761904762,Thursday
LON-to-BKK,Thai Airways,direct, 25/5,2023-05-25,2023-04-24,-31,466.0,526.0,11.406844106463877,Thursday
LON-to-BKK,EVA Air,direct, 25/5,2023-05-25,2023-04-25,-30,562.0,588.0,4.421768707482993,Thursday
LON-to-BKK,Thai Airways,direct, 25/5,2023-05-25,2023-04-25,-30,474.0,526.0,9.885931558935361,Thursday
LON-to-BKK,EVA Air,direct, 25/5,2023-05-25,2023-04-26,-29,575.0,588.0,2.2108843537414966,Thursday
LON-to-BKK,Thai Airways,direct, 25/5,2023-05-25,2023-04-26,-29,474.0,526.0,9.885931558935361,Thursday
LON-to-BKK,EVA Air,direct, 25/5,2023-05-25,2023-04-27,-28,566.0,588.0,3.7414965986394555,Thursday
LON-to-BKK,Thai Airways,direct, 25/5,2023-05-25,2023-04-27,-28,475.0,526.0,9.695817490494296,Thursday
LON-to-BKK,EVA Air,direct, 25/5,2023-05-25,2023-04-28,-27,560.0,588.0,4.761904761904762,Thursday
LON-to-BKK,Thai Airways,direct, 25/5,2023-05-25,2023-04-28,-27,466.0,526.0,11.406844106463877,Thursday
LON-to-BKK,Thai Airways,direct, 25/5,2023-05-25,2023-04-28,-27,487.0,526.0,7.41444866920152,Thursday
LON-to-BKK,EVA Air,direct, 25/5,2023-05-25,2023-04-30,-25,561.0,588.0,4.591836734693877,Thursday
LON-to-BKK,Thai Airways,direct, 25/5,2023-05-25,2023-04-30,-25,466.0,526.0,11.406844106463877,Thursday
LON-to-BKK,EVA Air,direct, 25/5,2023-05-25,2023-05-01,-24,565.0,588.0,3.91156462585034,Thursday
LON-to-BKK,Thai Airways,direct, 25/5,2023-05-25,2023-05-01,-24,470.0,526.0,10.646387832699618,Thursday
LON-to-BKK,EVA Air,direct, 25/5,2023-05-25,2023-05-03,-22,571.0,588.0,2.891156462585034,Thursday
LON-to-BKK,Thai Airways,direct, 25/5,2023-05-25,2023-05-03,-22,473.0,526.0,10.076045627376425,Thursday
LON-to-BKK,EVA Air,direct, 25/5,2023-05-25,2023-05-04,-21,564.0,588.0,4.081632653061225,Thursday
LON-to-BKK,Thai Airways,direct, 25/5,2023-05-25,2023-05-04,-21,469.0,526.0,10.836501901140684,Thursday
LON-to-BKK,Thai Airways,direct, 25/5,2023-05-25,2023-05-04,-21,487.0,526.0,7.41444866920152,Thursday
LON-to-BKK,EVA Air,direct, 25/5,2023-05-25,2023-05-05,-20,565.0,588.0,3.91156462585034,Thursday
LON-to-BKK,Thai Airways,direct, 25/5,2023-05-25,2023-05-05,-20,471.0,526.0,10.456273764258555,Thursday
LON-to-BKK,Thai Airways,direct, 25/5,2023-05-25,2023-05-05,-20,486.0,526.0,7.604562737642585,Thursday
LON-to-BKK,Thai Airways,direct, 25/5,2023-05-25,2023-05-06,-19,472.0,526.0,10.266159695817489,Thursday
LON-to-BKK,Thai Airways,direct, 25/5,2023-05-25,2023-05-06,-19,486.0,526.0,7.604562737642585,Thursday
LON-to-BKK,EVA Air,direct, 25/5,2023-05-25,2023-05-07,-18,564.0,588.0,4.081632653061225,Thursday
LON-to-BKK,Thai Airways,direct, 25/5,2023-05-25,2023-05-07,-18,468.0,526.0,11.026615969581748,Thursday
LON-to-BKK,EVA Air,direct, 25/5,2023-05-25,2023-05-08,-17,567.0,588.0,3.571428571428571,Thursday
LON-to-BKK,Thai Airways,direct, 25/5,2023-05-25,2023-05-08,-17,471.0,526.0,10.456273764258555,Thursday
LON-to-BKK,EVA Air,direct, 25/5,2023-05-25,2023-05-09,-16,561.0,588.0,4.591836734693877,Thursday
LON-to-BKK,Thai Airways,direct, 25/5,2023-05-25,2023-05-09,-16,465.0,526.0,11.596958174904943,Thursday
LON-to-BKK,EVA Air,direct, 25/5,2023-05-25,2023-05-10,-15,567.0,588.0,3.571428571428571,Thursday
LON-to-BKK,Thai Airways,direct, 25/5,2023-05-25,2023-05-10,-15,471.0,526.0,10.456273764258555,Thursday
LON-to-BKK,EVA Air,direct, 25/5,2023-05-25,2023-05-11,-14,563.0,588.0,4.2517006802721085,Thursday
LON-to-BKK,Thai Airways,direct, 25/5,2023-05-25,2023-05-11,-14,467.0,526.0,11.216730038022813,Thursday
LON-to-BKK,EVA Air,direct, 25/5,2023-05-25,2023-05-12,-13,564.0,588.0,4.081632653061225,Thursday
LON-to-BKK,Thai Airways,direct, 25/5,2023-05-25,2023-05-12,-13,468.0,526.0,11.026615969581748,Thursday
LON-to-BKK,EVA Air,direct, 25/5,2023-05-25,2023-05-13,-12,564.0,588.0,4.081632653061225,Thursday
LON-to-BKK,Thai Airways,direct, 25/5,2023-05-25,2023-05-13,-12,468.0,526.0,11.026615969581748,Thursday
LON-to-BKK,EVA Air,direct, 25/5,2023-05-25,2023-05-14,-11,582.0,588.0,1.0204081632653061,Thursday
LON-to-BKK,Thai Airways,direct, 25/5,2023-05-25,2023-05-14,-11,472.0,526.0,10.266159695817489,Thursday
LON-to-BKK,EVA Air,direct, 25/5,2023-05-25,2023-05-15,-10,564.0,588.0,4.081632653061225,Thursday
LON-to-BKK,Thai Airways,direct, 25/5,2023-05-25,2023-05-15,-10,469.0,526.0,10.836501901140684,Thursday
LON-to-BKK,Thai Airways,direct, 25/5,2023-05-25,2023-05-15,-10,486.0,526.0,7.604562737642585,Thursday
LON-to-BKK,EVA Air,direct, 25/5,2023-05-25,2023-05-16,-9,583.0,588.0,0.8503401360544217,Thursday
LON-to-BKK,Thai Airways,direct, 25/5,2023-05-25,2023-05-16,-9,491.0,526.0,6.653992395437262,Thursday
LON-to-BKK,EVA Air,direct, 25/5,2023-05-25,2023-05-17,-8,583.0,588.0,0.8503401360544217,Thursday
LON-to-BKK,Thai Airways,direct, 25/5,2023-05-25,2023-05-17,-8,495.0,526.0,5.893536121673003,Thursday
LON-to-BKK,EVA Air,direct, 25/5,2023-05-25,2023-05-18,-7,588.0,588.0,0.0,Thursday
LON-to-BKK,Thai Airways,direct, 25/5,2023-05-25,2023-05-18,-7,495.0,526.0,5.893536121673003,Thursday
LON-to-BKK,Thai Airways,direct, 25/5,2023-05-25,2023-05-18,-7,514.0,526.0,2.2813688212927756,Thursday
LON-to-BKK,EVA Air,direct, 25/5,2023-05-25,2023-05-19,-6,560.0,588.0,4.761904761904762,Thursday
LON-to-BKK,Thai Airways,direct, 25/5,2023-05-25,2023-05-19,-6,495.0,526.0,5.893536121673003,Thursday
LON-to-BKK,Thai Airways,direct, 25/5,2023-05-25,2023-05-19,-6,514.0,526.0,2.2813688212927756,Thursday
LON-to-BKK,EVA Air,direct, 25/5,2023-05-25,2023-05-20,-5,589.0,588.0,-0.17006802721088435,Thursday
LON-to-BKK,Thai Airways,direct, 25/5,2023-05-25,2023-05-20,-5,495.0,526.0,5.893536121673003,Thursday
LON-to-BKK,Thai Airways,direct, 25/5,2023-05-25,2023-05-20,-5,515.0,526.0,2.091254752851711,Thursday
LON-to-BKK,EVA Air,direct, 25/5,2023-05-25,2023-05-21,-4,589.0,588.0,-0.17006802721088435,Thursday
LON-to-BKK,Thai Airways,direct, 25/5,2023-05-25,2023-05-21,-4,495.0,526.0,5.893536121673003,Thursday
LON-to-BKK,Thai Airways,direct, 25/5,2023-05-25,2023-05-21,-4,515.0,526.0,2.091254752851711,Thursday
LON-to-BKK,EVA Air,direct, 25/5,2023-05-25,2023-05-22,-3,564.0,588.0,4.081632653061225,Thursday
LON-to-BKK,Thai Airways,direct, 25/5,2023-05-25,2023-05-22,-3,495.0,526.0,5.893536121673003,Thursday
LON-to-BKK,Thai Airways,direct, 25/5,2023-05-25,2023-05-22,-3,515.0,526.0,2.091254752851711,Thursday
LON-to-BKK,EVA Air,direct, 25/5,2023-05-25,2023-05-23,-2,589.0,588.0,-0.17006802721088435,Thursday
LON-to-BKK,Thai Airways,direct, 25/5,2023-05-25,2023-05-23,-2,495.0,526.0,5.893536121673003,Thursday
LON-to-BKK,Thai Airways,direct, 25/5,2023-05-25,2023-05-23,-2,515.0,526.0,2.091254752851711,Thursday
LON-to-BKK,EVA Air,direct, 25/5,2023-05-25,2023-05-24,-1,589.0,588.0,-0.17006802721088435,Thursday
LON-to-BKK,Thai Airways,direct, 25/5,2023-05-25,2023-05-24,-1,495.0,526.0,5.893536121673003,Thursday
LON-to-BKK,EVA Air,direct, 26/5,2023-05-26,2023-03-25,-62,561.0,968.0,42.04545454545455,Friday
LON-to-BKK,Thai Airways,direct, 26/5,2023-05-26,2023-03-25,-62,455.0,580.0,21.551724137931036,Friday
LON-to-BKK,Thai Airways,direct, 26/5,2023-05-26,2023-03-25,-62,495.0,580.0,14.655172413793105,Friday
LON-to-BKK,EVA Air,direct, 26/5,2023-05-26,2023-03-26,-61,561.0,968.0,42.04545454545455,Friday
LON-to-BKK,Thai Airways,direct, 26/5,2023-05-26,2023-03-26,-61,455.0,580.0,21.551724137931036,Friday
LON-to-BKK,Thai Airways,direct, 26/5,2023-05-26,2023-03-26,-61,495.0,580.0,14.655172413793105,Friday
LON-to-BKK,EVA Air,direct, 26/5,2023-05-26,2023-03-27,-60,559.0,968.0,42.25206611570248,Friday
LON-to-BKK,Thai Airways,direct, 26/5,2023-05-26,2023-03-27,-60,472.0,580.0,18.620689655172416,Friday
LON-to-BKK,Thai Airways,direct, 26/5,2023-05-26,2023-03-27,-60,493.0,580.0,15.000000000000002,Friday
LON-to-BKK,EVA Air,direct, 26/5,2023-05-26,2023-03-28,-59,561.0,968.0,42.04545454545455,Friday
LON-to-BKK,Thai Airways,direct, 26/5,2023-05-26,2023-03-28,-59,474.0,580.0,18.27586206896552,Friday
LON-to-BKK,Thai Airways,direct, 26/5,2023-05-26,2023-03-28,-59,495.0,580.0,14.655172413793105,Friday
LON-to-BKK,EVA Air,direct, 26/5,2023-05-26,2023-03-29,-58,561.0,968.0,42.04545454545455,Friday
LON-to-BKK,Thai Airways,direct, 26/5,2023-05-26,2023-03-29,-58,475.0,580.0,18.10344827586207,Friday
LON-to-BKK,Thai Airways,direct, 26/5,2023-05-26,2023-03-29,-58,496.0,580.0,14.482758620689657,Friday
LON-to-BKK,EVA Air,direct, 26/5,2023-05-26,2023-03-30,-57,552.0,968.0,42.97520661157025,Friday
LON-to-BKK,Thai Airways,direct, 26/5,2023-05-26,2023-03-30,-57,465.0,580.0,19.82758620689655,Friday
LON-to-BKK,Thai Airways,direct, 26/5,2023-05-26,2023-03-30,-57,486.0,580.0,16.20689655172414,Friday
LON-to-BKK,EVA Air,direct, 26/5,2023-05-26,2023-03-31,-56,589.0,968.0,39.15289256198347,Friday
LON-to-BKK,Thai Airways,direct, 26/5,2023-05-26,2023-03-31,-56,552.0,580.0,4.827586206896552,Friday
LON-to-BKK,Thai Airways,direct, 26/5,2023-05-26,2023-03-31,-56,567.0,580.0,2.241379310344828,Friday
LON-to-BKK,EVA Air,direct, 26/5,2023-05-26,2023-04-01,-55,589.0,968.0,39.15289256198347,Friday
LON-to-BKK,Thai Airways,direct, 26/5,2023-05-26,2023-04-01,-55,483.0,580.0,16.724137931034484,Friday
LON-to-BKK,Thai Airways,direct, 26/5,2023-05-26,2023-04-01,-55,503.0,580.0,13.275862068965518,Friday
LON-to-BKK,EVA Air,direct, 26/5,2023-05-26,2023-04-02,-54,560.0,968.0,42.14876033057851,Friday
LON-to-BKK,Thai Airways,direct, 26/5,2023-05-26,2023-04-02,-54,473.0,580.0,18.448275862068968,Friday
LON-to-BKK,Thai Airways,direct, 26/5,2023-05-26,2023-04-02,-54,494.0,580.0,14.827586206896553,Friday
LON-to-BKK,EVA Air,direct, 26/5,2023-05-26,2023-04-03,-53,585.0,968.0,39.56611570247934,Friday
LON-to-BKK,Thai Airways,direct, 26/5,2023-05-26,2023-04-03,-53,498.0,580.0,14.13793103448276,Friday
LON-to-BKK,Thai Airways,direct, 26/5,2023-05-26,2023-04-03,-53,519.0,580.0,10.517241379310345,Friday
LON-to-BKK,EVA Air,direct, 26/5,2023-05-26,2023-04-04,-52,560.0,968.0,42.14876033057851,Friday
LON-to-BKK,Thai Airways,direct, 26/5,2023-05-26,2023-04-04,-52,473.0,580.0,18.448275862068968,Friday
LON-to-BKK,Thai Airways,direct, 26/5,2023-05-26,2023-04-04,-52,494.0,580.0,14.827586206896553,Friday
LON-to-BKK,EVA Air,direct, 26/5,2023-05-26,2023-04-05,-51,557.0,968.0,42.45867768595041,Friday
LON-to-BKK,Thai Airways,direct, 26/5,2023-05-26,2023-04-05,-51,470.0,580.0,18.965517241379313,Friday
LON-to-BKK,Thai Airways,direct, 26/5,2023-05-26,2023-04-05,-51,520.0,580.0,10.344827586206897,Friday
LON-to-BKK,EVA Air,direct, 26/5,2023-05-26,2023-04-07,-49,557.0,968.0,42.45867768595041,Friday
LON-to-BKK,Thai Airways,direct, 26/5,2023-05-26,2023-04-07,-49,449.0,580.0,22.586206896551726,Friday
LON-to-BKK,Thai Airways,direct, 26/5,2023-05-26,2023-04-07,-49,489.0,580.0,15.689655172413794,Friday
LON-to-BKK,EVA Air,direct, 26/5,2023-05-26,2023-04-08,-48,559.0,968.0,42.25206611570248,Friday
LON-to-BKK,Thai Airways,direct, 26/5,2023-05-26,2023-04-08,-48,471.0,580.0,18.793103448275865,Friday
LON-to-BKK,Thai Airways,direct, 26/5,2023-05-26,2023-04-08,-48,492.0,580.0,15.172413793103448,Friday
LON-to-BKK,EVA Air,direct, 26/5,2023-05-26,2023-04-09,-47,560.0,968.0,42.14876033057851,Friday
LON-to-BKK,Thai Airways,direct, 26/5,2023-05-26,2023-04-09,-47,472.0,580.0,18.620689655172416,Friday
LON-to-BKK,Thai Airways,direct, 26/5,2023-05-26,2023-04-09,-47,493.0,580.0,15.000000000000002,Friday
LON-to-BKK,EVA Air,direct, 26/5,2023-05-26,2023-04-13,-43,565.0,968.0,41.63223140495868,Friday
LON-to-BKK,Thai Airways,direct, 26/5,2023-05-26,2023-04-13,-43,462.0,580.0,20.344827586206897,Friday
LON-to-BKK,Thai Airways,direct, 26/5,2023-05-26,2023-04-13,-43,493.0,580.0,15.000000000000002,Friday
LON-to-BKK,EVA Air,direct, 26/5,2023-05-26,2023-04-14,-42,561.0,968.0,42.04545454545455,Friday
LON-to-BKK,Thai Airways,direct, 26/5,2023-05-26,2023-04-14,-42,454.0,580.0,21.724137931034484,Friday
LON-to-BKK,Thai Airways,direct, 26/5,2023-05-26,2023-04-14,-42,494.0,580.0,14.827586206896553,Friday
LON-to-BKK,EVA Air,direct, 26/5,2023-05-26,2023-04-15,-41,603.0,968.0,37.70661157024794,Friday
LON-to-BKK,Thai Airways,direct, 26/5,2023-05-26,2023-04-15,-41,452.0,580.0,22.06896551724138,Friday
LON-to-BKK,Thai Airways,direct, 26/5,2023-05-26,2023-04-15,-41,492.0,580.0,15.172413793103448,Friday
LON-to-BKK,EVA Air,direct, 26/5,2023-05-26,2023-04-16,-40,595.0,968.0,38.53305785123967,Friday
LON-to-BKK,Thai Airways,direct, 26/5,2023-05-26,2023-04-16,-40,452.0,580.0,22.06896551724138,Friday
LON-to-BKK,Thai Airways,direct, 26/5,2023-05-26,2023-04-16,-40,492.0,580.0,15.172413793103448,Friday
LON-to-BKK,EVA Air,direct, 26/5,2023-05-26,2023-04-17,-39,611.0,968.0,36.8801652892562,Friday
LON-to-BKK,Thai Airways,direct, 26/5,2023-05-26,2023-04-17,-39,452.0,580.0,22.06896551724138,Friday
LON-to-BKK,Thai Airways,direct, 26/5,2023-05-26,2023-04-17,-39,471.0,580.0,18.793103448275865,Friday
LON-to-BKK,EVA Air,direct, 26/5,2023-05-26,2023-04-18,-38,600.0,968.0,38.01652892561984,Friday
LON-to-BKK,Thai Airways,direct, 26/5,2023-05-26,2023-04-18,-38,462.0,580.0,20.344827586206897,Friday
LON-to-BKK,Thai Airways,direct, 26/5,2023-05-26,2023-04-18,-38,481.0,580.0,17.06896551724138,Friday
LON-to-BKK,Thai Airways,direct, 26/5,2023-05-26,2023-04-19,-37,453.0,580.0,21.896551724137932,Friday
LON-to-BKK,Thai Airways,direct, 26/5,2023-05-26,2023-04-19,-37,472.0,580.0,18.620689655172416,Friday
LON-to-BKK,EVA Air,direct, 26/5,2023-05-26,2023-04-20,-36,598.0,968.0,38.22314049586777,Friday
LON-to-BKK,Thai Airways,direct, 26/5,2023-05-26,2023-04-20,-36,463.0,580.0,20.17241379310345,Friday
LON-to-BKK,EVA Air,direct, 26/5,2023-05-26,2023-04-21,-35,600.0,968.0,38.01652892561984,Friday
LON-to-BKK,Thai Airways,direct, 26/5,2023-05-26,2023-04-21,-35,462.0,580.0,20.344827586206897,Friday
LON-to-BKK,EVA Air,direct, 26/5,2023-05-26,2023-04-24,-32,598.0,968.0,38.22314049586777,Friday
LON-to-BKK,Thai Airways,direct, 26/5,2023-05-26,2023-04-24,-32,466.0,580.0,19.655172413793103,Friday
LON-to-BKK,EVA Air,direct, 26/5,2023-05-26,2023-04-25,-31,603.0,968.0,37.70661157024794,Friday
LON-to-BKK,Thai Airways,direct, 26/5,2023-05-26,2023-04-25,-31,466.0,580.0,19.655172413793103,Friday
LON-to-BKK,Thai Airways,direct, 26/5,2023-05-26,2023-04-25,-31,486.0,580.0,16.20689655172414,Friday
LON-to-BKK,EVA Air,direct, 26/5,2023-05-26,2023-04-26,-30,593.0,968.0,38.739669421487605,Friday
LON-to-BKK,Thai Airways,direct, 26/5,2023-05-26,2023-04-26,-30,474.0,580.0,18.27586206896552,Friday
LON-to-BKK,Thai Airways,direct, 26/5,2023-05-26,2023-04-26,-30,493.0,580.0,15.000000000000002,Friday
LON-to-BKK,EVA Air,direct, 26/5,2023-05-26,2023-04-27,-29,595.0,968.0,38.53305785123967,Friday
LON-to-BKK,Thai Airways,direct, 26/5,2023-05-26,2023-04-27,-29,475.0,580.0,18.10344827586207,Friday
LON-to-BKK,Thai Airways,direct, 26/5,2023-05-26,2023-04-27,-29,494.0,580.0,14.827586206896553,Friday
LON-to-BKK,EVA Air,direct, 26/5,2023-05-26,2023-04-28,-28,586.0,968.0,39.46280991735537,Friday
LON-to-BKK,Thai Airways,direct, 26/5,2023-05-26,2023-04-28,-28,466.0,580.0,19.655172413793103,Friday
LON-to-BKK,Thai Airways,direct, 26/5,2023-05-26,2023-04-28,-28,486.0,580.0,16.20689655172414,Friday
LON-to-BKK,EVA Air,direct, 26/5,2023-05-26,2023-04-29,-27,584.0,968.0,39.66942148760331,Friday
LON-to-BKK,Thai Airways,direct, 26/5,2023-05-26,2023-04-29,-27,464.0,580.0,20.0,Friday
LON-to-BKK,Thai Airways,direct, 26/5,2023-05-26,2023-04-29,-27,484.0,580.0,16.551724137931036,Friday
LON-to-BKK,EVA Air,direct, 26/5,2023-05-26,2023-04-30,-26,584.0,968.0,39.66942148760331,Friday
LON-to-BKK,Thai Airways,direct, 26/5,2023-05-26,2023-04-30,-26,488.0,580.0,15.862068965517242,Friday
LON-to-BKK,EVA Air,direct, 26/5,2023-05-26,2023-05-01,-25,587.0,968.0,39.35950413223141,Friday
LON-to-BKK,Thai Airways,direct, 26/5,2023-05-26,2023-05-01,-25,547.0,580.0,5.689655172413794,Friday
LON-to-BKK,EVA Air,direct, 26/5,2023-05-26,2023-05-02,-24,590.0,968.0,39.049586776859506,Friday
LON-to-BKK,Thai Airways,direct, 26/5,2023-05-26,2023-05-02,-24,511.0,580.0,11.896551724137932,Friday
LON-to-BKK,Thai Airways,direct, 26/5,2023-05-26,2023-05-02,-24,536.0,580.0,7.586206896551724,Friday
LON-to-BKK,EVA Air,direct, 26/5,2023-05-26,2023-05-03,-23,617.0,968.0,36.260330578512395,Friday
LON-to-BKK,Thai Airways,direct, 26/5,2023-05-26,2023-05-03,-23,536.0,580.0,7.586206896551724,Friday
LON-to-BKK,Thai Airways,direct, 26/5,2023-05-26,2023-05-03,-23,547.0,580.0,5.689655172413794,Friday
LON-to-BKK,EVA Air,direct, 26/5,2023-05-26,2023-05-05,-21,587.0,968.0,39.35950413223141,Friday
LON-to-BKK,Thai Airways,direct, 26/5,2023-05-26,2023-05-05,-21,546.0,580.0,5.862068965517242,Friday
LON-to-BKK,EVA Air,direct, 26/5,2023-05-26,2023-05-06,-20,624.0,968.0,35.53719008264463,Friday
LON-to-BKK,Thai Airways,direct, 26/5,2023-05-26,2023-05-06,-20,545.0,580.0,6.03448275862069,Friday
LON-to-BKK,EVA Air,direct, 26/5,2023-05-26,2023-05-07,-19,624.0,968.0,35.53719008264463,Friday
LON-to-BKK,Thai Airways,direct, 26/5,2023-05-26,2023-05-07,-19,545.0,580.0,6.03448275862069,Friday
LON-to-BKK,Thai Airways,direct, 26/5,2023-05-26,2023-05-07,-19,572.0,580.0,1.3793103448275863,Friday
LON-to-BKK,EVA Air,direct, 26/5,2023-05-26,2023-05-08,-18,595.0,968.0,38.53305785123967,Friday
LON-to-BKK,Thai Airways,direct, 26/5,2023-05-26,2023-05-08,-18,545.0,580.0,6.03448275862069,Friday
LON-to-BKK,Thai Airways,direct, 26/5,2023-05-26,2023-05-08,-18,572.0,580.0,1.3793103448275863,Friday
LON-to-BKK,EVA Air,direct, 26/5,2023-05-26,2023-05-09,-17,602.0,968.0,37.8099173553719,Friday
LON-to-BKK,Thai Airways,direct, 26/5,2023-05-26,2023-05-09,-17,543.0,580.0,6.379310344827586,Friday
LON-to-BKK,Thai Airways,direct, 26/5,2023-05-26,2023-05-10,-16,545.0,580.0,6.03448275862069,Friday
LON-to-BKK,EVA Air,direct, 26/5,2023-05-26,2023-05-11,-15,601.0,968.0,37.913223140495866,Friday
LON-to-BKK,Thai Airways,direct, 26/5,2023-05-26,2023-05-11,-15,545.0,580.0,6.03448275862069,Friday
LON-to-BKK,EVA Air,direct, 26/5,2023-05-26,2023-05-12,-14,595.0,968.0,38.53305785123967,Friday
LON-to-BKK,Thai Airways,direct, 26/5,2023-05-26,2023-05-12,-14,546.0,580.0,5.862068965517242,Friday
LON-to-BKK,EVA Air,direct, 26/5,2023-05-26,2023-05-13,-13,590.0,968.0,39.049586776859506,Friday
LON-to-BKK,Thai Airways,direct, 26/5,2023-05-26,2023-05-13,-13,521.0,580.0,10.172413793103448,Friday
LON-to-BKK,Thai Airways,direct, 26/5,2023-05-26,2023-05-13,-13,546.0,580.0,5.862068965517242,Friday
LON-to-BKK,EVA Air,direct, 26/5,2023-05-26,2023-05-14,-12,594.0,968.0,38.63636363636364,Friday
LON-to-BKK,Thai Airways,direct, 26/5,2023-05-26,2023-05-14,-12,544.0,580.0,6.206896551724139,Friday
LON-to-BKK,EVA Air,direct, 26/5,2023-05-26,2023-05-15,-11,779.0,968.0,19.524793388429753,Friday
LON-to-BKK,Thai Airways,direct, 26/5,2023-05-26,2023-05-15,-11,547.0,580.0,5.689655172413794,Friday
LON-to-BKK,EVA Air,direct, 26/5,2023-05-26,2023-05-16,-10,770.0,968.0,20.454545454545457,Friday
LON-to-BKK,Thai Airways,direct, 26/5,2023-05-26,2023-05-16,-10,515.0,580.0,11.206896551724139,Friday
LON-to-BKK,Thai Airways,direct, 26/5,2023-05-26,2023-05-16,-10,536.0,580.0,7.586206896551724,Friday
LON-to-BKK,EVA Air,direct, 26/5,2023-05-26,2023-05-17,-9,593.0,968.0,38.739669421487605,Friday
LON-to-BKK,Thai Airways,direct, 26/5,2023-05-26,2023-05-17,-9,514.0,580.0,11.379310344827587,Friday
LON-to-BKK,Thai Airways,direct, 26/5,2023-05-26,2023-05-17,-9,535.0,580.0,7.758620689655173,Friday
LON-to-BKK,EVA Air,direct, 26/5,2023-05-26,2023-05-18,-8,593.0,968.0,38.739669421487605,Friday
LON-to-BKK,Thai Airways,direct, 26/5,2023-05-26,2023-05-18,-8,514.0,580.0,11.379310344827587,Friday
LON-to-BKK,EVA Air,direct, 26/5,2023-05-26,2023-05-19,-7,591.0,968.0,38.94628099173554,Friday
LON-to-BKK,Thai Airways,direct, 26/5,2023-05-26,2023-05-19,-7,514.0,580.0,11.379310344827587,Friday
LON-to-BKK,Thai Airways,direct, 26/5,2023-05-26,2023-05-19,-7,536.0,580.0,7.586206896551724,Friday
LON-to-BKK,EVA Air,direct, 26/5,2023-05-26,2023-05-20,-6,603.0,968.0,37.70661157024794,Friday
LON-to-BKK,Thai Airways,direct, 26/5,2023-05-26,2023-05-20,-6,515.0,580.0,11.206896551724139,Friday
LON-to-BKK,Thai Airways,direct, 26/5,2023-05-26,2023-05-20,-6,536.0,580.0,7.586206896551724,Friday
LON-to-BKK,Thai Airways,direct, 26/5,2023-05-26,2023-05-21,-5,515.0,580.0,11.206896551724139,Friday
LON-to-BKK,Thai Airways,direct, 26/5,2023-05-26,2023-05-21,-5,536.0,580.0,7.586206896551724,Friday
LON-to-BKK,EVA Air,direct, 26/5,2023-05-26,2023-05-22,-4,591.0,968.0,38.94628099173554,Friday
LON-to-BKK,Thai Airways,direct, 26/5,2023-05-26,2023-05-22,-4,515.0,580.0,11.206896551724139,Friday
LON-to-BKK,Thai Airways,direct, 26/5,2023-05-26,2023-05-22,-4,536.0,580.0,7.586206896551724,Friday
LON-to-BKK,EVA Air,direct, 26/5,2023-05-26,2023-05-23,-3,597.0,968.0,38.32644628099174,Friday
LON-to-BKK,Thai Airways,direct, 26/5,2023-05-26,2023-05-23,-3,515.0,580.0,11.206896551724139,Friday
LON-to-BKK,Thai Airways,direct, 26/5,2023-05-26,2023-05-23,-3,536.0,580.0,7.586206896551724,Friday
LON-to-BKK,EVA Air,direct, 26/5,2023-05-26,2023-05-24,-2,600.0,968.0,38.01652892561984,Friday
LON-to-BKK,Thai Airways,direct, 26/5,2023-05-26,2023-05-24,-2,515.0,580.0,11.206896551724139,Friday
LON-to-BKK,Thai Airways,direct, 26/5,2023-05-26,2023-05-24,-2,576.0,580.0,0.6896551724137931,Friday
LON-to-BKK,EVA Air,direct, 26/5,2023-05-26,2023-05-25,-1,563.0,968.0,41.83884297520661,Friday
LON-to-BKK,Thai Airways,direct, 26/5,2023-05-26,2023-05-25,-1,536.0,580.0,7.586206896551724,Friday
LON-to-BKK,EVA Air,direct, 27/5,2023-05-27,2023-03-25,-63,561.0,1301.0,56.8793235972329,Saturday
LON-to-BKK,Thai Airways,direct, 27/5,2023-05-27,2023-03-25,-63,455.0,530.0,14.150943396226417,Saturday
LON-to-BKK,Thai Airways,direct, 27/5,2023-05-27,2023-03-25,-63,474.0,530.0,10.566037735849058,Saturday
LON-to-BKK,Thai Airways,direct, 27/5,2023-05-27,2023-03-25,-63,480.0,530.0,9.433962264150944,Saturday
LON-to-BKK,EVA Air,direct, 27/5,2023-05-27,2023-03-26,-62,561.0,1301.0,56.8793235972329,Saturday
LON-to-BKK,Thai Airways,direct, 27/5,2023-05-27,2023-03-26,-62,455.0,530.0,14.150943396226417,Saturday
LON-to-BKK,Thai Airways,direct, 27/5,2023-05-27,2023-03-26,-62,474.0,530.0,10.566037735849058,Saturday
LON-to-BKK,EVA Air,direct, 27/5,2023-05-27,2023-03-28,-60,561.0,1301.0,56.8793235972329,Saturday
LON-to-BKK,Thai Airways,direct, 27/5,2023-05-27,2023-03-28,-60,455.0,530.0,14.150943396226417,Saturday
LON-to-BKK,Thai Airways,direct, 27/5,2023-05-27,2023-03-28,-60,474.0,530.0,10.566037735849058,Saturday
LON-to-BKK,Thai Airways,direct, 27/5,2023-05-27,2023-03-28,-60,482.0,530.0,9.056603773584907,Saturday
LON-to-BKK,EVA Air,direct, 27/5,2023-05-27,2023-03-29,-59,561.0,1301.0,56.8793235972329,Saturday
LON-to-BKK,Thai Airways,direct, 27/5,2023-05-27,2023-03-29,-59,475.0,530.0,10.377358490566039,Saturday
LON-to-BKK,Thai Airways,direct, 27/5,2023-05-27,2023-03-29,-59,499.0,530.0,5.849056603773585,Saturday
LON-to-BKK,EVA Air,direct, 27/5,2023-05-27,2023-03-30,-58,552.0,1301.0,57.57109915449654,Saturday
LON-to-BKK,Thai Airways,direct, 27/5,2023-05-27,2023-03-30,-58,465.0,530.0,12.264150943396228,Saturday
LON-to-BKK,Thai Airways,direct, 27/5,2023-05-27,2023-03-30,-58,486.0,530.0,8.30188679245283,Saturday
LON-to-BKK,Thai Airways,direct, 27/5,2023-05-27,2023-03-30,-58,503.0,530.0,5.09433962264151,Saturday
LON-to-BKK,EVA Air,direct, 27/5,2023-05-27,2023-03-31,-57,560.0,1301.0,56.95618754803996,Saturday
LON-to-BKK,Thai Airways,direct, 27/5,2023-05-27,2023-03-31,-57,481.0,530.0,9.245283018867925,Saturday
LON-to-BKK,Thai Airways,direct, 27/5,2023-05-27,2023-03-31,-57,482.0,530.0,9.056603773584907,Saturday
LON-to-BKK,Thai Airways,direct, 27/5,2023-05-27,2023-03-31,-57,521.0,530.0,1.6981132075471699,Saturday
LON-to-BKK,EVA Air,direct, 27/5,2023-05-27,2023-04-01,-56,563.0,1301.0,56.72559569561875,Saturday
LON-to-BKK,Thai Airways,direct, 27/5,2023-05-27,2023-04-01,-56,482.0,530.0,9.056603773584907,Saturday
LON-to-BKK,Thai Airways,direct, 27/5,2023-05-27,2023-04-01,-56,496.0,530.0,6.415094339622642,Saturday
LON-to-BKK,Thai Airways,direct, 27/5,2023-05-27,2023-04-01,-56,502.0,530.0,5.283018867924529,Saturday
LON-to-BKK,EVA Air,direct, 27/5,2023-05-27,2023-04-02,-55,560.0,1301.0,56.95618754803996,Saturday
LON-to-BKK,Thai Airways,direct, 27/5,2023-05-27,2023-04-02,-55,473.0,530.0,10.754716981132077,Saturday
LON-to-BKK,Thai Airways,direct, 27/5,2023-05-27,2023-04-02,-55,494.0,530.0,6.7924528301886795,Saturday
LON-to-BKK,Thai Airways,direct, 27/5,2023-05-27,2023-04-02,-55,499.0,530.0,5.849056603773585,Saturday
LON-to-BKK,EVA Air,direct, 27/5,2023-05-27,2023-04-03,-54,586.0,1301.0,54.957724827056104,Saturday
LON-to-BKK,Thai Airways,direct, 27/5,2023-05-27,2023-04-03,-54,465.0,530.0,12.264150943396228,Saturday
LON-to-BKK,Thai Airways,direct, 27/5,2023-05-27,2023-04-03,-54,503.0,530.0,5.09433962264151,Saturday
LON-to-BKK,EVA Air,direct, 27/5,2023-05-27,2023-04-04,-53,560.0,1301.0,56.95618754803996,Saturday
LON-to-BKK,Thai Airways,direct, 27/5,2023-05-27,2023-04-04,-53,454.0,530.0,14.339622641509434,Saturday
LON-to-BKK,Thai Airways,direct, 27/5,2023-05-27,2023-04-04,-53,494.0,530.0,6.7924528301886795,Saturday
LON-to-BKK,EVA Air,direct, 27/5,2023-05-27,2023-04-05,-52,569.0,1301.0,56.264411990776324,Saturday
LON-to-BKK,Thai Airways,direct, 27/5,2023-05-27,2023-04-05,-52,498.0,530.0,6.037735849056604,Saturday
LON-to-BKK,Thai Airways,direct, 27/5,2023-05-27,2023-04-05,-52,519.0,530.0,2.0754716981132075,Saturday
LON-to-BKK,EVA Air,direct, 27/5,2023-05-27,2023-04-06,-51,560.0,1301.0,56.95618754803996,Saturday
LON-to-BKK,Thai Airways,direct, 27/5,2023-05-27,2023-04-06,-51,471.0,530.0,11.132075471698114,Saturday
LON-to-BKK,Thai Airways,direct, 27/5,2023-05-27,2023-04-06,-51,492.0,530.0,7.169811320754717,Saturday
LON-to-BKK,Thai Airways,direct, 27/5,2023-05-27,2023-04-06,-51,493.0,530.0,6.981132075471699,Saturday
LON-to-BKK,EVA Air,direct, 27/5,2023-05-27,2023-04-07,-50,557.0,1301.0,57.186779400461184,Saturday
LON-to-BKK,Thai Airways,direct, 27/5,2023-05-27,2023-04-07,-50,468.0,530.0,11.69811320754717,Saturday
LON-to-BKK,Thai Airways,direct, 27/5,2023-05-27,2023-04-07,-50,498.0,530.0,6.037735849056604,Saturday
LON-to-BKK,EVA Air,direct, 27/5,2023-05-27,2023-04-08,-49,559.0,1301.0,57.03305149884704,Saturday
LON-to-BKK,Thai Airways,direct, 27/5,2023-05-27,2023-04-08,-49,452.0,530.0,14.716981132075473,Saturday
LON-to-BKK,Thai Airways,direct, 27/5,2023-05-27,2023-04-08,-49,492.0,530.0,7.169811320754717,Saturday
LON-to-BKK,EVA Air,direct, 27/5,2023-05-27,2023-04-09,-48,559.0,1301.0,57.03305149884704,Saturday
LON-to-BKK,Thai Airways,direct, 27/5,2023-05-27,2023-04-09,-48,471.0,530.0,11.132075471698114,Saturday
LON-to-BKK,Thai Airways,direct, 27/5,2023-05-27,2023-04-09,-48,492.0,530.0,7.169811320754717,Saturday
LON-to-BKK,Thai Airways,direct, 27/5,2023-05-27,2023-04-09,-48,496.0,530.0,6.415094339622642,Saturday
LON-to-BKK,EVA Air,direct, 27/5,2023-05-27,2023-04-13,-44,565.0,1301.0,56.57186779400461,Saturday
LON-to-BKK,Thai Airways,direct, 27/5,2023-05-27,2023-04-13,-44,462.0,530.0,12.830188679245284,Saturday
LON-to-BKK,Thai Airways,direct, 27/5,2023-05-27,2023-04-13,-44,481.0,530.0,9.245283018867925,Saturday
LON-to-BKK,EVA Air,direct, 27/5,2023-05-27,2023-04-14,-43,561.0,1301.0,56.8793235972329,Saturday
LON-to-BKK,Thai Airways,direct, 27/5,2023-05-27,2023-04-14,-43,454.0,530.0,14.339622641509434,Saturday
LON-to-BKK,Thai Airways,direct, 27/5,2023-05-27,2023-04-14,-43,473.0,530.0,10.754716981132077,Saturday
LON-to-BKK,EVA Air,direct, 27/5,2023-05-27,2023-04-15,-42,560.0,1301.0,56.95618754803996,Saturday
LON-to-BKK,Thai Airways,direct, 27/5,2023-05-27,2023-04-15,-42,452.0,530.0,14.716981132075473,Saturday
LON-to-BKK,Thai Airways,direct, 27/5,2023-05-27,2023-04-15,-42,471.0,530.0,11.132075471698114,Saturday
LON-to-BKK,EVA Air,direct, 27/5,2023-05-27,2023-04-16,-41,560.0,1301.0,56.95618754803996,Saturday
LON-to-BKK,Thai Airways,direct, 27/5,2023-05-27,2023-04-16,-41,452.0,530.0,14.716981132075473,Saturday
LON-to-BKK,Thai Airways,direct, 27/5,2023-05-27,2023-04-16,-41,471.0,530.0,11.132075471698114,Saturday
LON-to-BKK,Thai Airways,direct, 27/5,2023-05-27,2023-04-16,-41,478.0,530.0,9.811320754716983,Saturday
LON-to-BKK,EVA Air,direct, 27/5,2023-05-27,2023-04-17,-40,560.0,1301.0,56.95618754803996,Saturday
LON-to-BKK,Thai Airways,direct, 27/5,2023-05-27,2023-04-17,-40,452.0,530.0,14.716981132075473,Saturday
LON-to-BKK,EVA Air,direct, 27/5,2023-05-27,2023-04-18,-39,563.0,1301.0,56.72559569561875,Saturday
LON-to-BKK,Thai Airways,direct, 27/5,2023-05-27,2023-04-18,-39,456.0,530.0,13.962264150943398,Saturday
LON-to-BKK,EVA Air,direct, 27/5,2023-05-27,2023-04-19,-38,560.0,1301.0,56.95618754803996,Saturday
LON-to-BKK,Thai Airways,direct, 27/5,2023-05-27,2023-04-19,-38,453.0,530.0,14.528301886792454,Saturday
LON-to-BKK,EVA Air,direct, 27/5,2023-05-27,2023-04-20,-37,560.0,1301.0,56.95618754803996,Saturday
LON-to-BKK,Thai Airways,direct, 27/5,2023-05-27,2023-04-20,-37,453.0,530.0,14.528301886792454,Saturday
LON-to-BKK,EVA Air,direct, 27/5,2023-05-27,2023-04-21,-36,556.0,1301.0,57.26364335126825,Saturday
LON-to-BKK,Thai Airways,direct, 27/5,2023-05-27,2023-04-21,-36,462.0,530.0,12.830188679245284,Saturday
LON-to-BKK,Thai Airways,direct, 27/5,2023-05-27,2023-04-21,-36,485.0,530.0,8.49056603773585,Saturday
LON-to-BKK,EVA Air,direct, 27/5,2023-05-27,2023-04-23,-34,559.0,1301.0,57.03305149884704,Saturday
LON-to-BKK,Thai Airways,direct, 27/5,2023-05-27,2023-04-23,-34,465.0,530.0,12.264150943396228,Saturday
LON-to-BKK,EVA Air,direct, 27/5,2023-05-27,2023-04-24,-33,560.0,1301.0,56.95618754803996,Saturday
LON-to-BKK,Thai Airways,direct, 27/5,2023-05-27,2023-04-24,-33,466.0,530.0,12.075471698113208,Saturday
LON-to-BKK,EVA Air,direct, 27/5,2023-05-27,2023-04-25,-32,560.0,1301.0,56.95618754803996,Saturday
LON-to-BKK,Thai Airways,direct, 27/5,2023-05-27,2023-04-25,-32,466.0,530.0,12.075471698113208,Saturday
LON-to-BKK,EVA Air,direct, 27/5,2023-05-27,2023-04-26,-31,575.0,1301.0,55.80322828593389,Saturday
LON-to-BKK,Thai Airways,direct, 27/5,2023-05-27,2023-04-26,-31,474.0,530.0,10.566037735849058,Saturday
LON-to-BKK,EVA Air,direct, 27/5,2023-05-27,2023-04-27,-30,566.0,1301.0,56.49500384319754,Saturday
LON-to-BKK,Thai Airways,direct, 27/5,2023-05-27,2023-04-27,-30,475.0,530.0,10.377358490566039,Saturday
LON-to-BKK,EVA Air,direct, 27/5,2023-05-27,2023-04-28,-29,560.0,1301.0,56.95618754803996,Saturday
LON-to-BKK,Thai Airways,direct, 27/5,2023-05-27,2023-04-28,-29,466.0,530.0,12.075471698113208,Saturday
LON-to-BKK,EVA Air,direct, 27/5,2023-05-27,2023-04-29,-28,564.0,1301.0,56.64873174481168,Saturday
LON-to-BKK,Thai Airways,direct, 27/5,2023-05-27,2023-04-29,-28,469.0,530.0,11.509433962264152,Saturday
LON-to-BKK,EVA Air,direct, 27/5,2023-05-27,2023-04-30,-27,563.0,1301.0,56.72559569561875,Saturday
LON-to-BKK,Thai Airways,direct, 27/5,2023-05-27,2023-04-30,-27,468.0,530.0,11.69811320754717,Saturday
LON-to-BKK,Thai Airways,direct, 27/5,2023-05-27,2023-04-30,-27,488.0,530.0,7.924528301886793,Saturday
LON-to-BKK,EVA Air,direct, 27/5,2023-05-27,2023-05-01,-26,564.0,1301.0,56.64873174481168,Saturday
LON-to-BKK,Thai Airways,direct, 27/5,2023-05-27,2023-05-01,-26,522.0,530.0,1.509433962264151,Saturday
LON-to-BKK,Thai Airways,direct, 27/5,2023-05-27,2023-05-01,-26,547.0,530.0,-3.207547169811321,Saturday
LON-to-BKK,EVA Air,direct, 27/5,2023-05-27,2023-05-02,-25,554.0,1301.0,57.4173712528824,Saturday
LON-to-BKK,Thai Airways,direct, 27/5,2023-05-27,2023-05-02,-25,511.0,530.0,3.5849056603773586,Saturday
LON-to-BKK,Thai Airways,direct, 27/5,2023-05-27,2023-05-02,-25,536.0,530.0,-1.1320754716981134,Saturday
LON-to-BKK,EVA Air,direct, 27/5,2023-05-27,2023-05-03,-24,564.0,1301.0,56.64873174481168,Saturday
LON-to-BKK,Thai Airways,direct, 27/5,2023-05-27,2023-05-03,-24,522.0,530.0,1.509433962264151,Saturday
LON-to-BKK,Thai Airways,direct, 27/5,2023-05-27,2023-05-03,-24,547.0,530.0,-3.207547169811321,Saturday
LON-to-BKK,EVA Air,direct, 27/5,2023-05-27,2023-05-05,-22,565.0,1301.0,56.57186779400461,Saturday
LON-to-BKK,Thai Airways,direct, 27/5,2023-05-27,2023-05-05,-22,522.0,530.0,1.509433962264151,Saturday
LON-to-BKK,Thai Airways,direct, 27/5,2023-05-27,2023-05-05,-22,539.0,530.0,-1.6981132075471699,Saturday
LON-to-BKK,EVA Air,direct, 27/5,2023-05-27,2023-05-06,-21,587.0,1301.0,54.88086087624904,Saturday
LON-to-BKK,Thai Airways,direct, 27/5,2023-05-27,2023-05-06,-21,523.0,530.0,1.3207547169811322,Saturday
LON-to-BKK,EVA Air,direct, 27/5,2023-05-27,2023-05-07,-20,564.0,1301.0,56.64873174481168,Saturday
LON-to-BKK,Thai Airways,direct, 27/5,2023-05-27,2023-05-07,-20,521.0,530.0,1.6981132075471699,Saturday
LON-to-BKK,EVA Air,direct, 27/5,2023-05-27,2023-05-08,-19,567.0,1301.0,56.418139892390464,Saturday
LON-to-BKK,Thai Airways,direct, 27/5,2023-05-27,2023-05-08,-19,521.0,530.0,1.6981132075471699,Saturday
LON-to-BKK,EVA Air,direct, 27/5,2023-05-27,2023-05-09,-18,561.0,1301.0,56.8793235972329,Saturday
LON-to-BKK,Thai Airways,direct, 27/5,2023-05-27,2023-05-09,-18,518.0,530.0,2.264150943396227,Saturday
LON-to-BKK,EVA Air,direct, 27/5,2023-05-27,2023-05-10,-17,567.0,1301.0,56.418139892390464,Saturday
LON-to-BKK,Thai Airways,direct, 27/5,2023-05-27,2023-05-10,-17,524.0,530.0,1.1320754716981134,Saturday
LON-to-BKK,EVA Air,direct, 27/5,2023-05-27,2023-05-11,-16,563.0,1301.0,56.72559569561875,Saturday
LON-to-BKK,Thai Airways,direct, 27/5,2023-05-27,2023-05-11,-16,520.0,530.0,1.8867924528301887,Saturday
LON-to-BKK,EVA Air,direct, 27/5,2023-05-27,2023-05-12,-15,564.0,1301.0,56.64873174481168,Saturday
LON-to-BKK,Thai Airways,direct, 27/5,2023-05-27,2023-05-12,-15,521.0,530.0,1.6981132075471699,Saturday
LON-to-BKK,EVA Air,direct, 27/5,2023-05-27,2023-05-13,-14,564.0,1301.0,56.64873174481168,Saturday
LON-to-BKK,Thai Airways,direct, 27/5,2023-05-27,2023-05-13,-14,521.0,530.0,1.6981132075471699,Saturday
LON-to-BKK,EVA Air,direct, 27/5,2023-05-27,2023-05-14,-13,564.0,1301.0,56.64873174481168,Saturday
LON-to-BKK,Thai Airways,direct, 27/5,2023-05-27,2023-05-14,-13,522.0,530.0,1.509433962264151,Saturday
LON-to-BKK,Thai Airways,direct, 27/5,2023-05-27,2023-05-14,-13,546.0,530.0,-3.018867924528302,Saturday
LON-to-BKK,EVA Air,direct, 27/5,2023-05-27,2023-05-15,-12,564.0,1301.0,56.64873174481168,Saturday
LON-to-BKK,Thai Airways,direct, 27/5,2023-05-27,2023-05-15,-12,522.0,530.0,1.509433962264151,Saturday
LON-to-BKK,Thai Airways,direct, 27/5,2023-05-27,2023-05-15,-12,547.0,530.0,-3.207547169811321,Saturday
LON-to-BKK,EVA Air,direct, 27/5,2023-05-27,2023-05-16,-11,564.0,1301.0,56.64873174481168,Saturday
LON-to-BKK,Thai Airways,direct, 27/5,2023-05-27,2023-05-16,-11,495.0,530.0,6.603773584905661,Saturday
LON-to-BKK,Thai Airways,direct, 27/5,2023-05-27,2023-05-16,-11,515.0,530.0,2.8301886792452833,Saturday
LON-to-BKK,EVA Air,direct, 27/5,2023-05-27,2023-05-17,-10,564.0,1301.0,56.64873174481168,Saturday
LON-to-BKK,Thai Airways,direct, 27/5,2023-05-27,2023-05-17,-10,495.0,530.0,6.603773584905661,Saturday
LON-to-BKK,Thai Airways,direct, 27/5,2023-05-27,2023-05-17,-10,514.0,530.0,3.018867924528302,Saturday
LON-to-BKK,EVA Air,direct, 27/5,2023-05-27,2023-05-18,-9,589.0,1301.0,54.72713297463489,Saturday
LON-to-BKK,Thai Airways,direct, 27/5,2023-05-27,2023-05-18,-9,495.0,530.0,6.603773584905661,Saturday
LON-to-BKK,EVA Air,direct, 27/5,2023-05-27,2023-05-19,-8,560.0,1301.0,56.95618754803996,Saturday
LON-to-BKK,Thai Airways,direct, 27/5,2023-05-27,2023-05-19,-8,495.0,530.0,6.603773584905661,Saturday
LON-to-BKK,EVA Air,direct, 27/5,2023-05-27,2023-05-20,-7,589.0,1301.0,54.72713297463489,Saturday
LON-to-BKK,Thai Airways,direct, 27/5,2023-05-27,2023-05-20,-7,495.0,530.0,6.603773584905661,Saturday
LON-to-BKK,EVA Air,direct, 27/5,2023-05-27,2023-05-21,-6,563.0,1301.0,56.72559569561875,Saturday
LON-to-BKK,Thai Airways,direct, 27/5,2023-05-27,2023-05-21,-6,495.0,530.0,6.603773584905661,Saturday
LON-to-BKK,Thai Airways,direct, 27/5,2023-05-27,2023-05-21,-6,541.0,530.0,-2.0754716981132075,Saturday
LON-to-BKK,EVA Air,direct, 27/5,2023-05-27,2023-05-22,-5,564.0,1301.0,56.64873174481168,Saturday
LON-to-BKK,Thai Airways,direct, 27/5,2023-05-27,2023-05-22,-5,495.0,530.0,6.603773584905661,Saturday
LON-to-BKK,EVA Air,direct, 27/5,2023-05-27,2023-05-23,-4,589.0,1301.0,54.72713297463489,Saturday
LON-to-BKK,Thai Airways,direct, 27/5,2023-05-27,2023-05-23,-4,495.0,530.0,6.603773584905661,Saturday
LON-to-BKK,EVA Air,direct, 27/5,2023-05-27,2023-05-24,-3,589.0,1301.0,54.72713297463489,Saturday
LON-to-BKK,Thai Airways,direct, 27/5,2023-05-27,2023-05-24,-3,495.0,530.0,6.603773584905661,Saturday
LON-to-BKK,EVA Air,direct, 27/5,2023-05-27,2023-05-25,-2,587.0,1301.0,54.88086087624904,Saturday
LON-to-BKK,Thai Airways,direct, 27/5,2023-05-27,2023-05-25,-2,496.0,530.0,6.415094339622642,Saturday
LON-to-BKK,EVA Air,direct, 27/5,2023-05-27,2023-05-26,-1,563.0,1301.0,56.72559569561875,Saturday
LON-to-BKK,Thai Airways,direct, 27/5,2023-05-27,2023-05-26,-1,496.0,530.0,6.415094339622642,Saturday
LON-to-BKK,Thai Airways,direct, 27/5,2023-05-27,2023-05-26,-1,515.0,530.0,2.8301886792452833,Saturday
LON-to-BKK,EVA Air,direct, 28/5,2023-05-28,2023-03-25,-64,561.0,592.0,5.236486486486486,Sunday
LON-to-BKK,Thai Airways,direct, 28/5,2023-05-28,2023-03-25,-64,455.0,478.0,4.811715481171548,Sunday
LON-to-BKK,EVA Air,direct, 28/5,2023-05-28,2023-03-26,-63,561.0,592.0,5.236486486486486,Sunday
LON-to-BKK,Thai Airways,direct, 28/5,2023-05-28,2023-03-26,-63,455.0,478.0,4.811715481171548,Sunday
LON-to-BKK,EVA Air,direct, 28/5,2023-05-28,2023-03-27,-62,559.0,592.0,5.574324324324325,Sunday
LON-to-BKK,Thai Airways,direct, 28/5,2023-05-28,2023-03-27,-62,453.0,478.0,5.230125523012552,Sunday
LON-to-BKK,EVA Air,direct, 28/5,2023-05-28,2023-03-28,-61,561.0,592.0,5.236486486486486,Sunday
LON-to-BKK,Thai Airways,direct, 28/5,2023-05-28,2023-03-28,-61,455.0,478.0,4.811715481171548,Sunday
LON-to-BKK,Thai Airways,direct, 28/5,2023-05-28,2023-03-29,-60,456.0,478.0,4.602510460251046,Sunday
LON-to-BKK,EVA Air,direct, 28/5,2023-05-28,2023-03-30,-59,552.0,592.0,6.756756756756756,Sunday
LON-to-BKK,Thai Airways,direct, 28/5,2023-05-28,2023-03-30,-59,446.0,478.0,6.694560669456067,Sunday
LON-to-BKK,EVA Air,direct, 28/5,2023-05-28,2023-03-31,-58,560.0,592.0,5.405405405405405,Sunday
LON-to-BKK,Thai Airways,direct, 28/5,2023-05-28,2023-03-31,-58,481.0,478.0,-0.6276150627615062,Sunday
LON-to-BKK,EVA Air,direct, 28/5,2023-05-28,2023-04-01,-57,563.0,592.0,4.898648648648648,Sunday
LON-to-BKK,Thai Airways,direct, 28/5,2023-05-28,2023-04-01,-57,464.0,478.0,2.928870292887029,Sunday
LON-to-BKK,EVA Air,direct, 28/5,2023-05-28,2023-04-02,-56,560.0,592.0,5.405405405405405,Sunday
LON-to-BKK,Thai Airways,direct, 28/5,2023-05-28,2023-04-02,-56,454.0,478.0,5.02092050209205,Sunday
LON-to-BKK,EVA Air,direct, 28/5,2023-05-28,2023-04-03,-55,560.0,592.0,5.405405405405405,Sunday
LON-to-BKK,Thai Airways,direct, 28/5,2023-05-28,2023-04-03,-55,454.0,478.0,5.02092050209205,Sunday
LON-to-BKK,EVA Air,direct, 28/5,2023-05-28,2023-04-04,-54,560.0,592.0,5.405405405405405,Sunday
LON-to-BKK,Thai Airways,direct, 28/5,2023-05-28,2023-04-04,-54,454.0,478.0,5.02092050209205,Sunday
LON-to-BKK,EVA Air,direct, 28/5,2023-05-28,2023-04-05,-53,585.0,592.0,1.1824324324324325,Sunday
LON-to-BKK,Thai Airways,direct, 28/5,2023-05-28,2023-04-05,-53,464.0,478.0,2.928870292887029,Sunday
LON-to-BKK,Thai Airways,direct, 28/5,2023-05-28,2023-04-05,-53,476.0,478.0,0.41841004184100417,Sunday
LON-to-BKK,EVA Air,direct, 28/5,2023-05-28,2023-04-07,-51,557.0,592.0,5.912162162162162,Sunday
LON-to-BKK,Thai Airways,direct, 28/5,2023-05-28,2023-04-07,-51,449.0,478.0,6.06694560669456,Sunday
LON-to-BKK,EVA Air,direct, 28/5,2023-05-28,2023-04-08,-50,559.0,592.0,5.574324324324325,Sunday
LON-to-BKK,Thai Airways,direct, 28/5,2023-05-28,2023-04-08,-50,452.0,478.0,5.439330543933054,Sunday
LON-to-BKK,EVA Air,direct, 28/5,2023-05-28,2023-04-09,-49,560.0,592.0,5.405405405405405,Sunday
LON-to-BKK,Thai Airways,direct, 28/5,2023-05-28,2023-04-09,-49,453.0,478.0,5.230125523012552,Sunday
LON-to-BKK,EVA Air,direct, 28/5,2023-05-28,2023-04-13,-45,560.0,592.0,5.405405405405405,Sunday
LON-to-BKK,Thai Airways,direct, 28/5,2023-05-28,2023-04-13,-45,453.0,478.0,5.230125523012552,Sunday
LON-to-BKK,EVA Air,direct, 28/5,2023-05-28,2023-04-14,-44,561.0,592.0,5.236486486486486,Sunday
LON-to-BKK,Thai Airways,direct, 28/5,2023-05-28,2023-04-14,-44,454.0,478.0,5.02092050209205,Sunday
LON-to-BKK,EVA Air,direct, 28/5,2023-05-28,2023-04-15,-43,560.0,592.0,5.405405405405405,Sunday
LON-to-BKK,Thai Airways,direct, 28/5,2023-05-28,2023-04-15,-43,452.0,478.0,5.439330543933054,Sunday
LON-to-BKK,EVA Air,direct, 28/5,2023-05-28,2023-04-16,-42,560.0,592.0,5.405405405405405,Sunday
LON-to-BKK,Thai Airways,direct, 28/5,2023-05-28,2023-04-16,-42,452.0,478.0,5.439330543933054,Sunday
LON-to-BKK,EVA Air,direct, 28/5,2023-05-28,2023-04-17,-41,560.0,592.0,5.405405405405405,Sunday
LON-to-BKK,Thai Airways,direct, 28/5,2023-05-28,2023-04-17,-41,452.0,478.0,5.439330543933054,Sunday
LON-to-BKK,EVA Air,direct, 28/5,2023-05-28,2023-04-18,-40,563.0,592.0,4.898648648648648,Sunday
LON-to-BKK,Thai Airways,direct, 28/5,2023-05-28,2023-04-18,-40,456.0,478.0,4.602510460251046,Sunday
LON-to-BKK,EVA Air,direct, 28/5,2023-05-28,2023-04-19,-39,560.0,592.0,5.405405405405405,Sunday
LON-to-BKK,Thai Airways,direct, 28/5,2023-05-28,2023-04-19,-39,453.0,478.0,5.230125523012552,Sunday
LON-to-BKK,EVA Air,direct, 28/5,2023-05-28,2023-04-20,-38,567.0,592.0,4.222972972972973,Sunday
LON-to-BKK,Thai Airways,direct, 28/5,2023-05-28,2023-04-20,-38,461.0,478.0,3.5564853556485354,Sunday
LON-to-BKK,EVA Air,direct, 28/5,2023-05-28,2023-04-21,-37,556.0,592.0,6.081081081081081,Sunday
LON-to-BKK,Thai Airways,direct, 28/5,2023-05-28,2023-04-21,-37,462.0,478.0,3.3472803347280333,Sunday
LON-to-BKK,EVA Air,direct, 28/5,2023-05-28,2023-04-23,-35,559.0,592.0,5.574324324324325,Sunday
LON-to-BKK,Thai Airways,direct, 28/5,2023-05-28,2023-04-23,-35,465.0,478.0,2.719665271966527,Sunday
LON-to-BKK,EVA Air,direct, 28/5,2023-05-28,2023-04-24,-34,560.0,592.0,5.405405405405405,Sunday
LON-to-BKK,Thai Airways,direct, 28/5,2023-05-28,2023-04-24,-34,466.0,478.0,2.510460251046025,Sunday
LON-to-BKK,EVA Air,direct, 28/5,2023-05-28,2023-04-25,-33,560.0,592.0,5.405405405405405,Sunday
LON-to-BKK,Thai Airways,direct, 28/5,2023-05-28,2023-04-25,-33,466.0,478.0,2.510460251046025,Sunday
LON-to-BKK,EVA Air,direct, 28/5,2023-05-28,2023-04-26,-32,560.0,592.0,5.405405405405405,Sunday
LON-to-BKK,Thai Airways,direct, 28/5,2023-05-28,2023-04-26,-32,465.0,478.0,2.719665271966527,Sunday
LON-to-BKK,EVA Air,direct, 28/5,2023-05-28,2023-04-27,-31,566.0,592.0,4.391891891891892,Sunday
LON-to-BKK,Thai Airways,direct, 28/5,2023-05-28,2023-04-27,-31,475.0,478.0,0.6276150627615062,Sunday
LON-to-BKK,EVA Air,direct, 28/5,2023-05-28,2023-04-28,-30,560.0,592.0,5.405405405405405,Sunday
LON-to-BKK,Thai Airways,direct, 28/5,2023-05-28,2023-04-28,-30,466.0,478.0,2.510460251046025,Sunday
LON-to-BKK,Thai Airways,direct, 28/5,2023-05-28,2023-04-29,-29,469.0,478.0,1.8828451882845187,Sunday
LON-to-BKK,EVA Air,direct, 28/5,2023-05-28,2023-04-30,-28,563.0,592.0,4.898648648648648,Sunday
LON-to-BKK,Thai Airways,direct, 28/5,2023-05-28,2023-04-30,-28,468.0,478.0,2.092050209205021,Sunday
LON-to-BKK,EVA Air,direct, 28/5,2023-05-28,2023-05-01,-27,563.0,592.0,4.898648648648648,Sunday
LON-to-BKK,Thai Airways,direct, 28/5,2023-05-28,2023-05-01,-27,521.0,478.0,-8.99581589958159,Sunday
LON-to-BKK,EVA Air,direct, 28/5,2023-05-28,2023-05-02,-26,554.0,592.0,6.418918918918918,Sunday
LON-to-BKK,Thai Airways,direct, 28/5,2023-05-28,2023-05-02,-26,511.0,478.0,-6.903765690376568,Sunday
LON-to-BKK,EVA Air,direct, 28/5,2023-05-28,2023-05-03,-25,564.0,592.0,4.72972972972973,Sunday
LON-to-BKK,Thai Airways,direct, 28/5,2023-05-28,2023-05-03,-25,522.0,478.0,-9.205020920502092,Sunday
LON-to-BKK,EVA Air,direct, 28/5,2023-05-28,2023-05-04,-24,564.0,592.0,4.72972972972973,Sunday
LON-to-BKK,Thai Airways,direct, 28/5,2023-05-28,2023-05-04,-24,522.0,478.0,-9.205020920502092,Sunday
LON-to-BKK,EVA Air,direct, 28/5,2023-05-28,2023-05-05,-23,565.0,592.0,4.5608108108108105,Sunday
LON-to-BKK,Thai Airways,direct, 28/5,2023-05-28,2023-05-05,-23,523.0,478.0,-9.414225941422593,Sunday
LON-to-BKK,EVA Air,direct, 28/5,2023-05-28,2023-05-06,-22,587.0,592.0,0.8445945945945945,Sunday
LON-to-BKK,Thai Airways,direct, 28/5,2023-05-28,2023-05-06,-22,523.0,478.0,-9.414225941422593,Sunday
LON-to-BKK,EVA Air,direct, 28/5,2023-05-28,2023-05-07,-21,564.0,592.0,4.72972972972973,Sunday
LON-to-BKK,Thai Airways,direct, 28/5,2023-05-28,2023-05-07,-21,521.0,478.0,-8.99581589958159,Sunday
LON-to-BKK,EVA Air,direct, 28/5,2023-05-28,2023-05-08,-20,567.0,592.0,4.222972972972973,Sunday
LON-to-BKK,Thai Airways,direct, 28/5,2023-05-28,2023-05-08,-20,521.0,478.0,-8.99581589958159,Sunday
LON-to-BKK,EVA Air,direct, 28/5,2023-05-28,2023-05-09,-19,561.0,592.0,5.236486486486486,Sunday
LON-to-BKK,Thai Airways,direct, 28/5,2023-05-28,2023-05-09,-19,518.0,478.0,-8.368200836820083,Sunday
LON-to-BKK,EVA Air,direct, 28/5,2023-05-28,2023-05-10,-18,567.0,592.0,4.222972972972973,Sunday
LON-to-BKK,Thai Airways,direct, 28/5,2023-05-28,2023-05-10,-18,522.0,478.0,-9.205020920502092,Sunday
LON-to-BKK,EVA Air,direct, 28/5,2023-05-28,2023-05-11,-17,563.0,592.0,4.898648648648648,Sunday
LON-to-BKK,Thai Airways,direct, 28/5,2023-05-28,2023-05-11,-17,520.0,478.0,-8.786610878661087,Sunday
LON-to-BKK,EVA Air,direct, 28/5,2023-05-28,2023-05-12,-16,564.0,592.0,4.72972972972973,Sunday
LON-to-BKK,Thai Airways,direct, 28/5,2023-05-28,2023-05-12,-16,521.0,478.0,-8.99581589958159,Sunday
LON-to-BKK,EVA Air,direct, 28/5,2023-05-28,2023-05-13,-15,564.0,592.0,4.72972972972973,Sunday
LON-to-BKK,Thai Airways,direct, 28/5,2023-05-28,2023-05-13,-15,521.0,478.0,-8.99581589958159,Sunday
LON-to-BKK,EVA Air,direct, 28/5,2023-05-28,2023-05-14,-14,564.0,592.0,4.72972972972973,Sunday
LON-to-BKK,Thai Airways,direct, 28/5,2023-05-28,2023-05-14,-14,522.0,478.0,-9.205020920502092,Sunday
LON-to-BKK,EVA Air,direct, 28/5,2023-05-28,2023-05-15,-13,564.0,592.0,4.72972972972973,Sunday
LON-to-BKK,Thai Airways,direct, 28/5,2023-05-28,2023-05-15,-13,522.0,478.0,-9.205020920502092,Sunday
LON-to-BKK,EVA Air,direct, 28/5,2023-05-28,2023-05-16,-12,564.0,592.0,4.72972972972973,Sunday
LON-to-BKK,Thai Airways,direct, 28/5,2023-05-28,2023-05-16,-12,495.0,478.0,-3.5564853556485354,Sunday
LON-to-BKK,EVA Air,direct, 28/5,2023-05-28,2023-05-17,-11,564.0,592.0,4.72972972972973,Sunday
LON-to-BKK,Thai Airways,direct, 28/5,2023-05-28,2023-05-17,-11,466.0,478.0,2.510460251046025,Sunday
LON-to-BKK,EVA Air,direct, 28/5,2023-05-28,2023-05-18,-10,588.0,592.0,0.6756756756756757,Sunday
LON-to-BKK,Thai Airways,direct, 28/5,2023-05-28,2023-05-18,-10,469.0,478.0,1.8828451882845187,Sunday
LON-to-BKK,EVA Air,direct, 28/5,2023-05-28,2023-05-19,-9,560.0,592.0,5.405405405405405,Sunday
LON-to-BKK,Thai Airways,direct, 28/5,2023-05-28,2023-05-19,-9,462.0,478.0,3.3472803347280333,Sunday
LON-to-BKK,EVA Air,direct, 28/5,2023-05-28,2023-05-20,-8,589.0,592.0,0.5067567567567568,Sunday
LON-to-BKK,Thai Airways,direct, 28/5,2023-05-28,2023-05-20,-8,470.0,478.0,1.6736401673640167,Sunday
LON-to-BKK,EVA Air,direct, 28/5,2023-05-28,2023-05-21,-7,563.0,592.0,4.898648648648648,Sunday
LON-to-BKK,Thai Airways,direct, 28/5,2023-05-28,2023-05-21,-7,466.0,478.0,2.510460251046025,Sunday
LON-to-BKK,EVA Air,direct, 28/5,2023-05-28,2023-05-22,-6,564.0,592.0,4.72972972972973,Sunday
LON-to-BKK,Thai Airways,direct, 28/5,2023-05-28,2023-05-22,-6,467.0,478.0,2.301255230125523,Sunday
LON-to-BKK,EVA Air,direct, 28/5,2023-05-28,2023-05-23,-5,589.0,592.0,0.5067567567567568,Sunday
LON-to-BKK,Thai Airways,direct, 28/5,2023-05-28,2023-05-23,-5,470.0,478.0,1.6736401673640167,Sunday
LON-to-BKK,EVA Air,direct, 28/5,2023-05-28,2023-05-24,-4,589.0,592.0,0.5067567567567568,Sunday
LON-to-BKK,Thai Airways,direct, 28/5,2023-05-28,2023-05-24,-4,470.0,478.0,1.6736401673640167,Sunday
LON-to-BKK,EVA Air,direct, 28/5,2023-05-28,2023-05-25,-3,589.0,592.0,0.5067567567567568,Sunday
LON-to-BKK,Thai Airways,direct, 28/5,2023-05-28,2023-05-25,-3,470.0,478.0,1.6736401673640167,Sunday
LON-to-BKK,EVA Air,direct, 28/5,2023-05-28,2023-05-26,-2,563.0,592.0,4.898648648648648,Sunday
LON-to-BKK,Thai Airways,direct, 28/5,2023-05-28,2023-05-26,-2,466.0,478.0,2.510460251046025,Sunday
LON-to-BKK,EVA Air,direct, 28/5,2023-05-28,2023-05-27,-1,589.0,592.0,0.5067567567567568,Sunday
LON-to-BKK,EVA Air,direct, 28/5,2023-05-28,2023-05-27,-1,908.0,592.0,-53.37837837837838,Sunday
LON-to-BKK,Thai Airways,direct, 28/5,2023-05-28,2023-05-27,-1,478.0,478.0,0.0,Sunday
LON-to-BKK,Thai Airways,direct, 28/5,2023-05-28,2023-05-27,-1,490.0,478.0,-2.510460251046025,Sunday
LON-to-BKK,EVA Air,direct, 29/5,2023-05-29,2023-03-25,-65,561.0,594.0,5.555555555555556,Monday
LON-to-BKK,Thai Airways,direct, 29/5,2023-05-29,2023-03-25,-65,455.0,478.0,4.811715481171548,Monday
LON-to-BKK,EVA Air,direct, 29/5,2023-05-29,2023-03-26,-64,561.0,594.0,5.555555555555556,Monday
LON-to-BKK,Thai Airways,direct, 29/5,2023-05-29,2023-03-26,-64,455.0,478.0,4.811715481171548,Monday
LON-to-BKK,Thai Airways,direct, 29/5,2023-05-29,2023-03-27,-63,453.0,478.0,5.230125523012552,Monday
LON-to-BKK,EVA Air,direct, 29/5,2023-05-29,2023-03-28,-62,561.0,594.0,5.555555555555556,Monday
LON-to-BKK,Thai Airways,direct, 29/5,2023-05-29,2023-03-28,-62,455.0,478.0,4.811715481171548,Monday
LON-to-BKK,EVA Air,direct, 29/5,2023-05-29,2023-03-29,-61,561.0,594.0,5.555555555555556,Monday
LON-to-BKK,Thai Airways,direct, 29/5,2023-05-29,2023-03-29,-61,456.0,478.0,4.602510460251046,Monday
LON-to-BKK,EVA Air,direct, 29/5,2023-05-29,2023-03-30,-60,552.0,594.0,7.070707070707071,Monday
LON-to-BKK,Thai Airways,direct, 29/5,2023-05-29,2023-03-30,-60,446.0,478.0,6.694560669456067,Monday
LON-to-BKK,EVA Air,direct, 29/5,2023-05-29,2023-03-31,-59,563.0,594.0,5.218855218855219,Monday
LON-to-BKK,Thai Airways,direct, 29/5,2023-05-29,2023-03-31,-59,482.0,478.0,-0.8368200836820083,Monday
LON-to-BKK,EVA Air,direct, 29/5,2023-05-29,2023-04-01,-58,563.0,594.0,5.218855218855219,Monday
LON-to-BKK,Thai Airways,direct, 29/5,2023-05-29,2023-04-01,-58,464.0,478.0,2.928870292887029,Monday
LON-to-BKK,EVA Air,direct, 29/5,2023-05-29,2023-04-02,-57,560.0,594.0,5.723905723905724,Monday
LON-to-BKK,Thai Airways,direct, 29/5,2023-05-29,2023-04-02,-57,454.0,478.0,5.02092050209205,Monday
LON-to-BKK,EVA Air,direct, 29/5,2023-05-29,2023-04-03,-56,560.0,594.0,5.723905723905724,Monday
LON-to-BKK,Thai Airways,direct, 29/5,2023-05-29,2023-04-03,-56,454.0,478.0,5.02092050209205,Monday
LON-to-BKK,EVA Air,direct, 29/5,2023-05-29,2023-04-04,-55,560.0,594.0,5.723905723905724,Monday
LON-to-BKK,Thai Airways,direct, 29/5,2023-05-29,2023-04-04,-55,454.0,478.0,5.02092050209205,Monday
LON-to-BKK,EVA Air,direct, 29/5,2023-05-29,2023-04-05,-54,557.0,594.0,6.228956228956229,Monday
LON-to-BKK,Thai Airways,direct, 29/5,2023-05-29,2023-04-05,-54,451.0,478.0,5.648535564853557,Monday
LON-to-BKK,EVA Air,direct, 29/5,2023-05-29,2023-04-07,-52,557.0,594.0,6.228956228956229,Monday
LON-to-BKK,Thai Airways,direct, 29/5,2023-05-29,2023-04-07,-52,449.0,478.0,6.06694560669456,Monday
LON-to-BKK,EVA Air,direct, 29/5,2023-05-29,2023-04-08,-51,559.0,594.0,5.892255892255893,Monday
LON-to-BKK,Thai Airways,direct, 29/5,2023-05-29,2023-04-08,-51,452.0,478.0,5.439330543933054,Monday
LON-to-BKK,EVA Air,direct, 29/5,2023-05-29,2023-04-09,-50,560.0,594.0,5.723905723905724,Monday
LON-to-BKK,Thai Airways,direct, 29/5,2023-05-29,2023-04-09,-50,453.0,478.0,5.230125523012552,Monday
LON-to-BKK,EVA Air,direct, 29/5,2023-05-29,2023-04-10,-49,560.0,594.0,5.723905723905724,Monday
LON-to-BKK,Thai Airways,direct, 29/5,2023-05-29,2023-04-10,-49,453.0,478.0,5.230125523012552,Monday
LON-to-BKK,EVA Air,direct, 29/5,2023-05-29,2023-04-13,-46,560.0,594.0,5.723905723905724,Monday
LON-to-BKK,Thai Airways,direct, 29/5,2023-05-29,2023-04-13,-46,453.0,478.0,5.230125523012552,Monday
LON-to-BKK,EVA Air,direct, 29/5,2023-05-29,2023-04-14,-45,561.0,594.0,5.555555555555556,Monday
LON-to-BKK,Thai Airways,direct, 29/5,2023-05-29,2023-04-14,-45,454.0,478.0,5.02092050209205,Monday
LON-to-BKK,EVA Air,direct, 29/5,2023-05-29,2023-04-15,-44,560.0,594.0,5.723905723905724,Monday
LON-to-BKK,Thai Airways,direct, 29/5,2023-05-29,2023-04-15,-44,452.0,478.0,5.439330543933054,Monday
LON-to-BKK,EVA Air,direct, 29/5,2023-05-29,2023-04-16,-43,560.0,594.0,5.723905723905724,Monday
LON-to-BKK,Thai Airways,direct, 29/5,2023-05-29,2023-04-16,-43,452.0,478.0,5.439330543933054,Monday
LON-to-BKK,EVA Air,direct, 29/5,2023-05-29,2023-04-17,-42,560.0,594.0,5.723905723905724,Monday
LON-to-BKK,Thai Airways,direct, 29/5,2023-05-29,2023-04-17,-42,452.0,478.0,5.439330543933054,Monday
LON-to-BKK,EVA Air,direct, 29/5,2023-05-29,2023-04-18,-41,563.0,594.0,5.218855218855219,Monday
LON-to-BKK,Thai Airways,direct, 29/5,2023-05-29,2023-04-18,-41,456.0,478.0,4.602510460251046,Monday
LON-to-BKK,EVA Air,direct, 29/5,2023-05-29,2023-04-19,-40,560.0,594.0,5.723905723905724,Monday
LON-to-BKK,Thai Airways,direct, 29/5,2023-05-29,2023-04-19,-40,453.0,478.0,5.230125523012552,Monday
LON-to-BKK,EVA Air,direct, 29/5,2023-05-29,2023-04-20,-39,560.0,594.0,5.723905723905724,Monday
LON-to-BKK,Thai Airways,direct, 29/5,2023-05-29,2023-04-20,-39,453.0,478.0,5.230125523012552,Monday
LON-to-BKK,EVA Air,direct, 29/5,2023-05-29,2023-04-21,-38,556.0,594.0,6.397306397306398,Monday
LON-to-BKK,Thai Airways,direct, 29/5,2023-05-29,2023-04-21,-38,462.0,478.0,3.3472803347280333,Monday
LON-to-BKK,EVA Air,direct, 29/5,2023-05-29,2023-04-23,-36,559.0,594.0,5.892255892255893,Monday
LON-to-BKK,Thai Airways,direct, 29/5,2023-05-29,2023-04-23,-36,465.0,478.0,2.719665271966527,Monday
LON-to-BKK,EVA Air,direct, 29/5,2023-05-29,2023-04-24,-35,560.0,594.0,5.723905723905724,Monday
LON-to-BKK,Thai Airways,direct, 29/5,2023-05-29,2023-04-24,-35,466.0,478.0,2.510460251046025,Monday
LON-to-BKK,EVA Air,direct, 29/5,2023-05-29,2023-04-25,-34,560.0,594.0,5.723905723905724,Monday
LON-to-BKK,Thai Airways,direct, 29/5,2023-05-29,2023-04-25,-34,466.0,478.0,2.510460251046025,Monday
LON-to-BKK,EVA Air,direct, 29/5,2023-05-29,2023-04-26,-33,560.0,594.0,5.723905723905724,Monday
LON-to-BKK,Thai Airways,direct, 29/5,2023-05-29,2023-04-26,-33,465.0,478.0,2.719665271966527,Monday
LON-to-BKK,EVA Air,direct, 29/5,2023-05-29,2023-04-27,-32,566.0,594.0,4.7138047138047146,Monday
LON-to-BKK,Thai Airways,direct, 29/5,2023-05-29,2023-04-27,-32,475.0,478.0,0.6276150627615062,Monday
LON-to-BKK,EVA Air,direct, 29/5,2023-05-29,2023-04-28,-31,560.0,594.0,5.723905723905724,Monday
LON-to-BKK,Thai Airways,direct, 29/5,2023-05-29,2023-04-28,-31,466.0,478.0,2.510460251046025,Monday
LON-to-BKK,Thai Airways,direct, 29/5,2023-05-29,2023-04-29,-30,469.0,478.0,1.8828451882845187,Monday
LON-to-BKK,EVA Air,direct, 29/5,2023-05-29,2023-04-30,-29,563.0,594.0,5.218855218855219,Monday
LON-to-BKK,Thai Airways,direct, 29/5,2023-05-29,2023-04-30,-29,468.0,478.0,2.092050209205021,Monday
LON-to-BKK,EVA Air,direct, 29/5,2023-05-29,2023-05-01,-28,563.0,594.0,5.218855218855219,Monday
LON-to-BKK,Thai Airways,direct, 29/5,2023-05-29,2023-05-01,-28,521.0,478.0,-8.99581589958159,Monday
LON-to-BKK,EVA Air,direct, 29/5,2023-05-29,2023-05-02,-27,567.0,594.0,4.545454545454546,Monday
LON-to-BKK,Thai Airways,direct, 29/5,2023-05-29,2023-05-02,-27,524.0,478.0,-9.623430962343097,Monday
LON-to-BKK,EVA Air,direct, 29/5,2023-05-29,2023-05-03,-26,564.0,594.0,5.050505050505051,Monday
LON-to-BKK,Thai Airways,direct, 29/5,2023-05-29,2023-05-03,-26,522.0,478.0,-9.205020920502092,Monday
LON-to-BKK,EVA Air,direct, 29/5,2023-05-29,2023-05-05,-24,565.0,594.0,4.882154882154882,Monday
LON-to-BKK,Thai Airways,direct, 29/5,2023-05-29,2023-05-05,-24,523.0,478.0,-9.414225941422593,Monday
LON-to-BKK,EVA Air,direct, 29/5,2023-05-29,2023-05-06,-23,588.0,594.0,1.0101010101010102,Monday
LON-to-BKK,Thai Airways,direct, 29/5,2023-05-29,2023-05-06,-23,523.0,478.0,-9.414225941422593,Monday
LON-to-BKK,EVA Air,direct, 29/5,2023-05-29,2023-05-07,-22,564.0,594.0,5.050505050505051,Monday
LON-to-BKK,Thai Airways,direct, 29/5,2023-05-29,2023-05-07,-22,521.0,478.0,-8.99581589958159,Monday
LON-to-BKK,EVA Air,direct, 29/5,2023-05-29,2023-05-08,-21,567.0,594.0,4.545454545454546,Monday
LON-to-BKK,Thai Airways,direct, 29/5,2023-05-29,2023-05-08,-21,521.0,478.0,-8.99581589958159,Monday
LON-to-BKK,EVA Air,direct, 29/5,2023-05-29,2023-05-09,-20,561.0,594.0,5.555555555555556,Monday
LON-to-BKK,Thai Airways,direct, 29/5,2023-05-29,2023-05-09,-20,518.0,478.0,-8.368200836820083,Monday
LON-to-BKK,EVA Air,direct, 29/5,2023-05-29,2023-05-10,-19,567.0,594.0,4.545454545454546,Monday
LON-to-BKK,Thai Airways,direct, 29/5,2023-05-29,2023-05-10,-19,524.0,478.0,-9.623430962343097,Monday
LON-to-BKK,EVA Air,direct, 29/5,2023-05-29,2023-05-11,-18,563.0,594.0,5.218855218855219,Monday
LON-to-BKK,Thai Airways,direct, 29/5,2023-05-29,2023-05-11,-18,520.0,478.0,-8.786610878661087,Monday
LON-to-BKK,EVA Air,direct, 29/5,2023-05-29,2023-05-12,-17,564.0,594.0,5.050505050505051,Monday
LON-to-BKK,Thai Airways,direct, 29/5,2023-05-29,2023-05-12,-17,521.0,478.0,-8.99581589958159,Monday
LON-to-BKK,EVA Air,direct, 29/5,2023-05-29,2023-05-13,-16,564.0,594.0,5.050505050505051,Monday
LON-to-BKK,Thai Airways,direct, 29/5,2023-05-29,2023-05-13,-16,521.0,478.0,-8.99581589958159,Monday
LON-to-BKK,EVA Air,direct, 29/5,2023-05-29,2023-05-14,-15,561.0,594.0,5.555555555555556,Monday
LON-to-BKK,Thai Airways,direct, 29/5,2023-05-29,2023-05-14,-15,519.0,478.0,-8.577405857740585,Monday
LON-to-BKK,EVA Air,direct, 29/5,2023-05-29,2023-05-15,-14,564.0,594.0,5.050505050505051,Monday
LON-to-BKK,Thai Airways,direct, 29/5,2023-05-29,2023-05-15,-14,522.0,478.0,-9.205020920502092,Monday
LON-to-BKK,EVA Air,direct, 29/5,2023-05-29,2023-05-16,-13,564.0,594.0,5.050505050505051,Monday
LON-to-BKK,Thai Airways,direct, 29/5,2023-05-29,2023-05-16,-13,495.0,478.0,-3.5564853556485354,Monday
LON-to-BKK,EVA Air,direct, 29/5,2023-05-29,2023-05-17,-12,564.0,594.0,5.050505050505051,Monday
LON-to-BKK,Thai Airways,direct, 29/5,2023-05-29,2023-05-17,-12,466.0,478.0,2.510460251046025,Monday
LON-to-BKK,EVA Air,direct, 29/5,2023-05-29,2023-05-18,-11,589.0,594.0,0.8417508417508418,Monday
LON-to-BKK,Thai Airways,direct, 29/5,2023-05-29,2023-05-18,-11,469.0,478.0,1.8828451882845187,Monday
LON-to-BKK,EVA Air,direct, 29/5,2023-05-29,2023-05-19,-10,560.0,594.0,5.723905723905724,Monday
LON-to-BKK,Thai Airways,direct, 29/5,2023-05-29,2023-05-19,-10,462.0,478.0,3.3472803347280333,Monday
LON-to-BKK,EVA Air,direct, 29/5,2023-05-29,2023-05-20,-9,589.0,594.0,0.8417508417508418,Monday
LON-to-BKK,Thai Airways,direct, 29/5,2023-05-29,2023-05-20,-9,470.0,478.0,1.6736401673640167,Monday
LON-to-BKK,EVA Air,direct, 29/5,2023-05-29,2023-05-21,-8,563.0,594.0,5.218855218855219,Monday
LON-to-BKK,Thai Airways,direct, 29/5,2023-05-29,2023-05-21,-8,466.0,478.0,2.510460251046025,Monday
LON-to-BKK,EVA Air,direct, 29/5,2023-05-29,2023-05-22,-7,564.0,594.0,5.050505050505051,Monday
LON-to-BKK,Thai Airways,direct, 29/5,2023-05-29,2023-05-22,-7,467.0,478.0,2.301255230125523,Monday
LON-to-BKK,EVA Air,direct, 29/5,2023-05-29,2023-05-23,-6,589.0,594.0,0.8417508417508418,Monday
LON-to-BKK,Thai Airways,direct, 29/5,2023-05-29,2023-05-23,-6,470.0,478.0,1.6736401673640167,Monday
LON-to-BKK,EVA Air,direct, 29/5,2023-05-29,2023-05-24,-5,589.0,594.0,0.8417508417508418,Monday
LON-to-BKK,Thai Airways,direct, 29/5,2023-05-29,2023-05-24,-5,470.0,478.0,1.6736401673640167,Monday
LON-to-BKK,EVA Air,direct, 29/5,2023-05-29,2023-05-25,-4,563.0,594.0,5.218855218855219,Monday
LON-to-BKK,Thai Airways,direct, 29/5,2023-05-29,2023-05-25,-4,466.0,478.0,2.510460251046025,Monday
LON-to-BKK,Thai Airways,direct, 29/5,2023-05-29,2023-05-25,-4,493.0,478.0,-3.1380753138075312,Monday
LON-to-BKK,EVA Air,direct, 29/5,2023-05-29,2023-05-26,-3,563.0,594.0,5.218855218855219,Monday
LON-to-BKK,Thai Airways,direct, 29/5,2023-05-29,2023-05-26,-3,466.0,478.0,2.510460251046025,Monday
LON-to-BKK,EVA Air,direct, 29/5,2023-05-29,2023-05-27,-2,587.0,594.0,1.1784511784511786,Monday
LON-to-BKK,EVA Air,direct, 29/5,2023-05-29,2023-05-27,-2,893.0,594.0,-50.33670033670034,Monday
LON-to-BKK,Thai Airways,direct, 29/5,2023-05-29,2023-05-27,-2,475.0,478.0,0.6276150627615062,Monday
LON-to-BKK,EVA Air,direct, 29/5,2023-05-29,2023-05-28,-1,589.0,594.0,0.8417508417508418,Monday
LON-to-BKK,Thai Airways,direct, 29/5,2023-05-29,2023-05-28,-1,478.0,478.0,0.0,Monday
LON-to-BKK,Thai Airways,direct, 30/5,2023-05-30,2023-03-25,-66,455.0,469.0,2.9850746268656714,Tuesday
LON-to-BKK,Thai Airways,direct, 30/5,2023-05-30,2023-03-26,-65,455.0,469.0,2.9850746268656714,Tuesday
LON-to-BKK,Thai Airways,direct, 30/5,2023-05-30,2023-03-27,-64,453.0,469.0,3.411513859275053,Tuesday
LON-to-BKK,Thai Airways,direct, 30/5,2023-05-30,2023-03-28,-63,455.0,469.0,2.9850746268656714,Tuesday
LON-to-BKK,Thai Airways,direct, 30/5,2023-05-30,2023-03-29,-62,456.0,469.0,2.7718550106609805,Tuesday
LON-to-BKK,Thai Airways,direct, 30/5,2023-05-30,2023-03-30,-61,446.0,469.0,4.904051172707889,Tuesday
LON-to-BKK,EVA Air,direct, 30/5,2023-05-30,2023-03-31,-60,563.0,565.0,0.35398230088495575,Tuesday
LON-to-BKK,Thai Airways,direct, 30/5,2023-05-30,2023-03-31,-60,528.0,469.0,-12.579957356076758,Tuesday
LON-to-BKK,EVA Air,direct, 30/5,2023-05-30,2023-04-01,-59,560.0,565.0,0.8849557522123894,Tuesday
LON-to-BKK,Thai Airways,direct, 30/5,2023-05-30,2023-04-01,-59,454.0,469.0,3.1982942430703623,Tuesday
LON-to-BKK,Thai Airways,direct, 30/5,2023-05-30,2023-04-02,-58,454.0,469.0,3.1982942430703623,Tuesday
LON-to-BKK,EVA Air,direct, 30/5,2023-05-30,2023-04-03,-57,560.0,565.0,0.8849557522123894,Tuesday
LON-to-BKK,Thai Airways,direct, 30/5,2023-05-30,2023-04-03,-57,454.0,469.0,3.1982942430703623,Tuesday
LON-to-BKK,EVA Air,direct, 30/5,2023-05-30,2023-04-04,-56,560.0,565.0,0.8849557522123894,Tuesday
LON-to-BKK,Thai Airways,direct, 30/5,2023-05-30,2023-04-04,-56,454.0,469.0,3.1982942430703623,Tuesday
LON-to-BKK,EVA Air,direct, 30/5,2023-05-30,2023-04-05,-55,569.0,565.0,-0.7079646017699115,Tuesday
LON-to-BKK,Thai Airways,direct, 30/5,2023-05-30,2023-04-05,-55,465.0,469.0,0.8528784648187633,Tuesday
LON-to-BKK,Thai Airways,direct, 30/5,2023-05-30,2023-04-05,-55,476.0,469.0,-1.4925373134328357,Tuesday
LON-to-BKK,EVA Air,direct, 30/5,2023-05-30,2023-04-07,-53,557.0,565.0,1.415929203539823,Tuesday
LON-to-BKK,Thai Airways,direct, 30/5,2023-05-30,2023-04-07,-53,449.0,469.0,4.264392324093817,Tuesday
LON-to-BKK,EVA Air,direct, 30/5,2023-05-30,2023-04-08,-52,559.0,565.0,1.0619469026548671,Tuesday
LON-to-BKK,Thai Airways,direct, 30/5,2023-05-30,2023-04-08,-52,452.0,469.0,3.624733475479744,Tuesday
LON-to-BKK,Thai Airways,direct, 30/5,2023-05-30,2023-04-09,-51,453.0,469.0,3.411513859275053,Tuesday
LON-to-BKK,Thai Airways,direct, 30/5,2023-05-30,2023-04-13,-47,463.0,469.0,1.2793176972281448,Tuesday
LON-to-BKK,EVA Air,direct, 30/5,2023-05-30,2023-04-14,-46,561.0,565.0,0.7079646017699115,Tuesday
LON-to-BKK,Thai Airways,direct, 30/5,2023-05-30,2023-04-14,-46,454.0,469.0,3.1982942430703623,Tuesday
LON-to-BKK,EVA Air,direct, 30/5,2023-05-30,2023-04-15,-45,560.0,565.0,0.8849557522123894,Tuesday
LON-to-BKK,Thai Airways,direct, 30/5,2023-05-30,2023-04-15,-45,452.0,469.0,3.624733475479744,Tuesday
LON-to-BKK,EVA Air,direct, 30/5,2023-05-30,2023-04-16,-44,560.0,565.0,0.8849557522123894,Tuesday
LON-to-BKK,Thai Airways,direct, 30/5,2023-05-30,2023-04-16,-44,452.0,469.0,3.624733475479744,Tuesday
LON-to-BKK,EVA Air,direct, 30/5,2023-05-30,2023-04-17,-43,560.0,565.0,0.8849557522123894,Tuesday
LON-to-BKK,Thai Airways,direct, 30/5,2023-05-30,2023-04-17,-43,452.0,469.0,3.624733475479744,Tuesday
LON-to-BKK,EVA Air,direct, 30/5,2023-05-30,2023-04-18,-42,563.0,565.0,0.35398230088495575,Tuesday
LON-to-BKK,Thai Airways,direct, 30/5,2023-05-30,2023-04-18,-42,456.0,469.0,2.7718550106609805,Tuesday
LON-to-BKK,Thai Airways,direct, 30/5,2023-05-30,2023-04-19,-41,453.0,469.0,3.411513859275053,Tuesday
LON-to-BKK,Thai Airways,direct, 30/5,2023-05-30,2023-04-20,-40,453.0,469.0,3.411513859275053,Tuesday
LON-to-BKK,Thai Airways,direct, 30/5,2023-05-30,2023-04-21,-39,462.0,469.0,1.4925373134328357,Tuesday
LON-to-BKK,Thai Airways,direct, 30/5,2023-05-30,2023-04-23,-37,465.0,469.0,0.8528784648187633,Tuesday
LON-to-BKK,Thai Airways,direct, 30/5,2023-05-30,2023-04-24,-36,466.0,469.0,0.6396588486140724,Tuesday
LON-to-BKK,EVA Air,direct, 30/5,2023-05-30,2023-04-25,-35,560.0,565.0,0.8849557522123894,Tuesday
LON-to-BKK,Thai Airways,direct, 30/5,2023-05-30,2023-04-25,-35,466.0,469.0,0.6396588486140724,Tuesday
LON-to-BKK,EVA Air,direct, 30/5,2023-05-30,2023-04-26,-34,575.0,565.0,-1.7699115044247788,Tuesday
LON-to-BKK,Thai Airways,direct, 30/5,2023-05-30,2023-04-26,-34,475.0,469.0,-1.2793176972281448,Tuesday
LON-to-BKK,EVA Air,direct, 30/5,2023-05-30,2023-04-27,-33,566.0,565.0,-0.17699115044247787,Tuesday
LON-to-BKK,Thai Airways,direct, 30/5,2023-05-30,2023-04-27,-33,474.0,469.0,-1.0660980810234542,Tuesday
LON-to-BKK,EVA Air,direct, 30/5,2023-05-30,2023-04-28,-32,560.0,565.0,0.8849557522123894,Tuesday
LON-to-BKK,Thai Airways,direct, 30/5,2023-05-30,2023-04-28,-32,466.0,469.0,0.6396588486140724,Tuesday
LON-to-BKK,Thai Airways,direct, 30/5,2023-05-30,2023-04-29,-31,469.0,469.0,0.0,Tuesday
LON-to-BKK,Thai Airways,direct, 30/5,2023-05-30,2023-04-30,-30,468.0,469.0,0.21321961620469082,Tuesday
LON-to-BKK,Thai Airways,direct, 30/5,2023-05-30,2023-05-01,-29,469.0,469.0,0.0,Tuesday
LON-to-BKK,EVA Air,direct, 30/5,2023-05-30,2023-05-02,-28,561.0,565.0,0.7079646017699115,Tuesday
LON-to-BKK,Thai Airways,direct, 30/5,2023-05-30,2023-05-02,-28,465.0,469.0,0.8528784648187633,Tuesday
LON-to-BKK,EVA Air,direct, 30/5,2023-05-30,2023-05-03,-27,564.0,565.0,0.17699115044247787,Tuesday
LON-to-BKK,Thai Airways,direct, 30/5,2023-05-30,2023-05-03,-27,469.0,469.0,0.0,Tuesday
LON-to-BKK,EVA Air,direct, 30/5,2023-05-30,2023-05-04,-26,564.0,565.0,0.17699115044247787,Tuesday
LON-to-BKK,Thai Airways,direct, 30/5,2023-05-30,2023-05-04,-26,469.0,469.0,0.0,Tuesday
LON-to-BKK,EVA Air,direct, 30/5,2023-05-30,2023-05-05,-25,565.0,565.0,0.0,Tuesday
LON-to-BKK,Thai Airways,direct, 30/5,2023-05-30,2023-05-05,-25,471.0,469.0,-0.42643923240938164,Tuesday
LON-to-BKK,Thai Airways,direct, 30/5,2023-05-30,2023-05-06,-24,472.0,469.0,-0.6396588486140724,Tuesday
LON-to-BKK,Thai Airways,direct, 30/5,2023-05-30,2023-05-07,-23,468.0,469.0,0.21321961620469082,Tuesday
LON-to-BKK,EVA Air,direct, 30/5,2023-05-30,2023-05-08,-22,567.0,565.0,-0.35398230088495575,Tuesday
LON-to-BKK,Thai Airways,direct, 30/5,2023-05-30,2023-05-08,-22,471.0,469.0,-0.42643923240938164,Tuesday
LON-to-BKK,EVA Air,direct, 30/5,2023-05-30,2023-05-09,-21,561.0,565.0,0.7079646017699115,Tuesday
LON-to-BKK,Thai Airways,direct, 30/5,2023-05-30,2023-05-09,-21,465.0,469.0,0.8528784648187633,Tuesday
LON-to-BKK,EVA Air,direct, 30/5,2023-05-30,2023-05-10,-20,567.0,565.0,-0.35398230088495575,Tuesday
LON-to-BKK,Thai Airways,direct, 30/5,2023-05-30,2023-05-10,-20,471.0,469.0,-0.42643923240938164,Tuesday
LON-to-BKK,EVA Air,direct, 30/5,2023-05-30,2023-05-11,-19,563.0,565.0,0.35398230088495575,Tuesday
LON-to-BKK,Thai Airways,direct, 30/5,2023-05-30,2023-05-11,-19,467.0,469.0,0.42643923240938164,Tuesday
LON-to-BKK,EVA Air,direct, 30/5,2023-05-30,2023-05-12,-18,564.0,565.0,0.17699115044247787,Tuesday
LON-to-BKK,Thai Airways,direct, 30/5,2023-05-30,2023-05-12,-18,468.0,469.0,0.21321961620469082,Tuesday
LON-to-BKK,EVA Air,direct, 30/5,2023-05-30,2023-05-13,-17,564.0,565.0,0.17699115044247787,Tuesday
LON-to-BKK,Thai Airways,direct, 30/5,2023-05-30,2023-05-13,-17,468.0,469.0,0.21321961620469082,Tuesday
LON-to-BKK,EVA Air,direct, 30/5,2023-05-30,2023-05-14,-16,564.0,565.0,0.17699115044247787,Tuesday
LON-to-BKK,Thai Airways,direct, 30/5,2023-05-30,2023-05-14,-16,469.0,469.0,0.0,Tuesday
LON-to-BKK,EVA Air,direct, 30/5,2023-05-30,2023-05-15,-15,564.0,565.0,0.17699115044247787,Tuesday
LON-to-BKK,Thai Airways,direct, 30/5,2023-05-30,2023-05-15,-15,469.0,469.0,0.0,Tuesday
LON-to-BKK,EVA Air,direct, 30/5,2023-05-30,2023-05-16,-14,564.0,565.0,0.17699115044247787,Tuesday
LON-to-BKK,Thai Airways,direct, 30/5,2023-05-30,2023-05-16,-14,495.0,469.0,-5.543710021321961,Tuesday
LON-to-BKK,EVA Air,direct, 30/5,2023-05-30,2023-05-17,-13,564.0,565.0,0.17699115044247787,Tuesday
LON-to-BKK,Thai Airways,direct, 30/5,2023-05-30,2023-05-17,-13,466.0,469.0,0.6396588486140724,Tuesday
LON-to-BKK,EVA Air,direct, 30/5,2023-05-30,2023-05-18,-12,588.0,565.0,-4.070796460176991,Tuesday
LON-to-BKK,Thai Airways,direct, 30/5,2023-05-30,2023-05-18,-12,469.0,469.0,0.0,Tuesday
LON-to-BKK,EVA Air,direct, 30/5,2023-05-30,2023-05-19,-11,566.0,565.0,-0.17699115044247787,Tuesday
LON-to-BKK,Thai Airways,direct, 30/5,2023-05-30,2023-05-19,-11,469.0,469.0,0.0,Tuesday
LON-to-BKK,EVA Air,direct, 30/5,2023-05-30,2023-05-20,-10,589.0,565.0,-4.2477876106194685,Tuesday
LON-to-BKK,Thai Airways,direct, 30/5,2023-05-30,2023-05-20,-10,470.0,469.0,-0.21321961620469082,Tuesday
LON-to-BKK,EVA Air,direct, 30/5,2023-05-30,2023-05-21,-9,589.0,565.0,-4.2477876106194685,Tuesday
LON-to-BKK,Thai Airways,direct, 30/5,2023-05-30,2023-05-21,-9,470.0,469.0,-0.21321961620469082,Tuesday
LON-to-BKK,EVA Air,direct, 30/5,2023-05-30,2023-05-22,-8,564.0,565.0,0.17699115044247787,Tuesday
LON-to-BKK,Thai Airways,direct, 30/5,2023-05-30,2023-05-22,-8,467.0,469.0,0.42643923240938164,Tuesday
LON-to-BKK,EVA Air,direct, 30/5,2023-05-30,2023-05-23,-7,589.0,565.0,-4.2477876106194685,Tuesday
LON-to-BKK,Thai Airways,direct, 30/5,2023-05-30,2023-05-23,-7,470.0,469.0,-0.21321961620469082,Tuesday
LON-to-BKK,EVA Air,direct, 30/5,2023-05-30,2023-05-24,-6,589.0,565.0,-4.2477876106194685,Tuesday
LON-to-BKK,Thai Airways,direct, 30/5,2023-05-30,2023-05-24,-6,470.0,469.0,-0.21321961620469082,Tuesday
LON-to-BKK,EVA Air,direct, 30/5,2023-05-30,2023-05-25,-5,587.0,565.0,-3.893805309734513,Tuesday
LON-to-BKK,Thai Airways,direct, 30/5,2023-05-30,2023-05-25,-5,470.0,469.0,-0.21321961620469082,Tuesday
LON-to-BKK,Thai Airways,direct, 30/5,2023-05-30,2023-05-25,-5,496.0,469.0,-5.756929637526652,Tuesday
LON-to-BKK,EVA Air,direct, 30/5,2023-05-30,2023-05-26,-4,563.0,565.0,0.35398230088495575,Tuesday
LON-to-BKK,Thai Airways,direct, 30/5,2023-05-30,2023-05-26,-4,466.0,469.0,0.6396588486140724,Tuesday
LON-to-BKK,Thai Airways,direct, 30/5,2023-05-30,2023-05-26,-4,496.0,469.0,-5.756929637526652,Tuesday
LON-to-BKK,EVA Air,direct, 30/5,2023-05-30,2023-05-27,-3,587.0,565.0,-3.893805309734513,Tuesday
LON-to-BKK,Thai Airways,direct, 30/5,2023-05-30,2023-05-27,-3,474.0,469.0,-1.0660980810234542,Tuesday
LON-to-BKK,Thai Airways,direct, 30/5,2023-05-30,2023-05-27,-3,496.0,469.0,-5.756929637526652,Tuesday
LON-to-BKK,EVA Air,direct, 30/5,2023-05-30,2023-05-28,-2,588.0,565.0,-4.070796460176991,Tuesday
LON-to-BKK,Thai Airways,direct, 30/5,2023-05-30,2023-05-28,-2,475.0,469.0,-1.2793176972281448,Tuesday
LON-to-BKK,EVA Air,direct, 30/5,2023-05-30,2023-05-29,-1,589.0,565.0,-4.2477876106194685,Tuesday
LON-to-BKK,Thai Airways,direct, 30/5,2023-05-30,2023-05-29,-1,478.0,469.0,-1.9189765458422174,Tuesday
